{
    "form": [
        {
            "id": 17,
            "text": "For calendar quarter ended",
            "box": [356.00,198.77,612.04,230.80],
            "label": "Period_Label",
            "words": [
                {
                    "text": "For",
                    "box": [359.00,202.00,395.01,226.80]
                },
                {
                    "text": "calendar",
                    "box": [398.00,202.00,479.03,226.87]
                },
				{
                    "text": "quarter",
                    "box": [482.00,203.00,551.02,228.76]
                },{
                    "text": "ended",
                    "box": [553.00,204.00,610.05,226.80]
                }
            ]
        },
        {
            "id": 18,
            "text": "December 31, 2022",
            "box": [614.04,200.00,1142.04,225.76],
            "label": "Period_Value",
            "words": [
                {
                    "text": "December",
                    "box": [788.00,205.00,883.08,226.14]
                },
                {
                    "text": "31,",
                    "box": [885.00,204.00,915.29,226.44]
                },
				{
                    "text": "2022",
                    "box": [918.00,205.00,968.27,225.44]
                }
            ]
        },
        {
            "id": 19,
            "text": "REMIC's identifying number",
            "box": [786.00,293.00,992.17,314.48],
            "label": "RemicNumber_Label",
            "words": [
                {
                    "text": "REMIC's",
                    "box": [789.00,295.00,850.24,310.50]
                },
                {
                    "text": "identifying",
                    "box": [852.00,295.00,929.30,312.38]
                },
				{
                    "text": "number",
                    "box": [932.00,295.00,989.24,311.49]
                }
            ]
        },
        {
            "id": 20,
            "text": "54-2003685",
            "box": [779.13,316.00,1396.13,343.47],
            "label": "RemicNumber_Value",
            "words": [
                {
                    "text": "54-2003685",
                    "box": [1032.00,320.00,1144.83,342.40]
                }
            ]
        },
        {
            "id": 21,
            "text": "REMIC's name, address, and ZIP code",
            "box": [786.00,348.00,1059.05,370.40],
            "label": "RemicName_Label",
            "words": [
                {
                    "text": "REMIC's",
                    "box": [788.00,350.00,848.55,367.32]
                },
                {
                    "text": "name,",
                    "box": [851.00,351.38,893.21,368.50]
                },
				{
                    "text": "address,",
                    "box": [896.00,351.00,955.72,367.50]
                },
				{
                    "text": "and",
                    "box": [958.00,351.44,985.29,366.50]
                },
				{
                    "text": "ZIP",
                    "box": [987.00,351.00,1010.89,367.44]
                },
				{
                    "text": "code",
                    "box": [1013.00,351.00,1049.30,367.50]
                }
            ]
        },
        {
            "id": 22,
            "text": "Freddie Mac REMIC, Series 002265 RS",
            "box": [779.73,375.00,1128.73,402.44],
            "label": "RemicName_Value",
            "words": [
                {
                    "text": "Freddie",
                    "box": [781.06,378.00,848.06,398.39]
                },
                {
                    "text": "Mac",
                    "box": [850.00,378.00,889.35,397.49]
                },  {
                    "text": "REMIC,",
                    "box": [891.49,377.47,960.50,398.48]
                },  {
                    "text": "Series",
                    "box": [963.00,377.00,1021.77,397.53]
                },  {
                    "text": "002265",
                    "box": [1024.00,377.00,1089.43,399.44]
                },  {
                    "text": "RS",
                    "box": [1092.00,377.00,1123.03,398.48]
                }
            ]
        },
        {
            "id": 23,
            "text": "b Your share of the taxable income (net loss) for the calendar quarter.....................",
            "box": [121.00,1215.00,1180.69,1262.40],
            "label": "Line1B_Label",
            "words": [
                {
                    "text": "b",
                    "box": [125.84,1225.41,144.98,1256.47]
                },
                {
                    "text": "Your",
                    "box": [149.00,1224.00,201.95,1257.47]
                },
				{
                    "text": "share",
                    "box": [204.00,1223.00,253.93,1256.91]
                },
				{
                    "text": "of",
                    "box": [256.00,1222.00,276.88,1256.91]
                },
				{
                    "text": "the",
                    "box": [279.00,1221.00,306.89,1256.44]
                },
				{
                    "text": "taxable",
                    "box": [309.00,1221.00,374.91,1256.47]
                },
				{
                    "text": "income",
                    "box": [377.00,1222.00,440.95,1256.47]
                },
				{
                    "text": "(net",
                    "box": [443.00,1222.00,479.93,1256.44]
                },
				{
                    "text": "loss)",
                    "box": [482.00,1222.00,524.95,1255.41]
                },
				{
                    "text": "for",
                    "box": [528.00,1222.00,551.97,1256.47]
                },
				{
                    "text": "the",
                    "box": [554.00,1221.00,583.96,1257.85]
                },
				{
                    "text": "calendar",
                    "box": [587.00,1221.00,663.93,1257.49]
                },
				{
                    "text": "quarter",
                    "box": [666.00,1222.00,729.91,1257.47]
                }
				
            ]
        },
        {
            "id": 24,
            "text": "1b 5",
            "box": [1189.97,1222.00,1397.97,1248.48],
            "label": "Line1B_Value",
            "words": [
                {
                    "text": "1b",
                    "box": [1192.00,1225.00,1236.85,1247.43]
                },
                {
                    "text": "5",
                    "box": [1241.00,1223.46,1396.18,1247.95]
                }
            ]
        }
    ]
}