{
    "form": [
        {
            "id": 25,
            "text": "For calendar quarter ended",
            "box": [353.96,196.00,612.75,231.83],
            "label": "Period_Label",
            "words": [
                {
                    "text": "For",
                    "box": [359.96,202.00,396.80,227.84]
                },
                {
                    "text": "calendar",
                    "box": [398.77,202.00,479.75,228.76]
                },
				{
                    "text": "quarter",
                    "box": [481.94,203.00,550.74,228.76]
                },{
                    "text": "ended",
                    "box": [552.93,203.00,610.76,228.84]
                }
            ]
        },
        {
            "id": 26,
            "text": "December 31, 2022",
            "box": [613.92,200.00,1141.67,226.84],
            "label": "Period_Value",
            "words": [
                {
                    "text": "December",
                    "box": [787.73,204.00,883.69,225.84]
                },
                {
                    "text": "31,",
                    "box": [885.69,203.00,914.66,225.84]
                },
				{
                    "text": "2022",
                    "box": [917.88,203.00,965.67,226.76]
                }
            ]
        },
        {
            "id": 27,
            "text": "REMIC's identifying number",
            "box": [783.90,292.00,998.68,317.84],
            "label": "RemicNumber_Label",
            "words": [
                {
                    "text": "REMIC's",
                    "box": [786.90,295.00,850.69,315.85]
                },
                {
                    "text": "identifying",
                    "box": [851.89,295.00,930.70,314.85]
                },
				{
                    "text": "number",
                    "box": [932.40,296.00,990.42,313.61]
                }
            ]
        },
        {
            "id": 28,
            "text": "54-6494290",
            "box": [780.90,320.00,1396.59,343.77],
            "label": "RemicNumber_Value",
            "words": [
                {
                    "text": "54-6494290",
                    "box": [1031.86,323.00,1147.73,343.77]
                }
            ]
        },
        {
            "id": 29,
            "text": "REMIC's name, address, and ZIP code",
            "box": [780.90,345.00,1060.65,371.73],
            "label": "RemicName_Label",
            "words": [
                {
                    "text": "REMIC's",
                    "box": [785.90,348.00,849.22,367.77]
                },
                {
                    "text": "name,",
                    "box": [851.89,348.00,894.42,369.73]
                },
				{
                    "text": "address,",
                    "box": [896.88,349.00,955.75,369.82]
                },
				{
                    "text": "and",
                    "box": [957.87,348.00,984.26,367.77]
                },
				{
                    "text": "ZIP",
                    "box": [985.87,348.00,1012.60,368.86]
                },
				{
                    "text": "code",
                    "box": [1014.20,349.00,1052.26,367.54]
                }
            ]
        },
        {
            "id": 30,
            "text": "Freddie Mac REMIC, Series 002333 RS",
            "box": [779.90,373.45,1132.11,402.47],
            "label": "RemicName_Value",
            "words": [
                {
                    "text": "Freddie",
                    "box": [781.64,376.00,847.64,398.48]
                },
                {
                    "text": "Mac",
                    "box": [850.00,376.00,890.00,398.48]
                },  {
                    "text": "REMIC,",
                    "box": [891.47,377.00,961.46,397.44]
                },  {
                    "text": "Series",
                    "box": [963.87,377.00,1020.00,398.48]
                },  {
                    "text": "002333",
                    "box": [1022.86,376.00,1090.23,398.48]
                },  {
                    "text": "RS",
                    "box": [1092.85,376.00,1122.92,397.48]
                }
            ]
        },
        {
            "id": 31,
            "text": "b Your share of the taxable income (net loss) for the calendar quarter.....................",
            "box": [119.00,1219.00,1179.95,1262.42],
            "label": "Line1B_Label",
            "words": [
                {
                    "text": "b",
                    "box": [123.00,1224.00,147.95,1254.44]
                },
                {
                    "text": "Your",
                    "box": [154.61,1225.00,201.64,1255.81]
                },
				{
                    "text": "share",
                    "box": [203.98,1224.00,254.63,1255.70]
                },
				{
                    "text": "of",
                    "box": [256.98,1223.00,276.56,1258.69]
                },
				{
                    "text": "the",
                    "box": [278.58,1223.00,307.64,1255.25]
                },
				{
                    "text": "taxable",
                    "box": [309.61,1223.00,373.61,1255.70]
                },
				{
                    "text": "income",
                    "box": [375.96,1224.00,440.60,1256.70]
                },
				{
                    "text": "(net",
                    "box": [443.95,1224.00,480.58,1257.25]
                },
				{
                    "text": "loss)",
                    "box": [482.59,1223.00,525.59,1257.25]
                },
				{
                    "text": "for",
                    "box": [526.94,1223.00,551.64,1257.64]
                },
				{
                    "text": "the",
                    "box": [553.93,1223.00,584.60,1257.19]
                },
				{
                    "text": "calendar",
                    "box": [587.56,1224.00,663.54,1257.22]
                },
				{
                    "text": "quarter",
                    "box": [665.91,1224.00,734.53,1257.25]
                }
				
            ]
        },
        {
            "id": 32,
            "text": "1b 13",
            "box": [1188.83,1221.00,1397.10,1248.70],
            "label": "Line1B_Value",
            "words": [
                {
                    "text": "1b",
                    "box": [1191.83,1224.00,1236.33,1248.63]
                },
                {
                    "text": "13",
                    "box": [1239.83,1223.00,1395.56,1247.26]
                }
            ]
        }
    ]
}