{
    "form": [
        {
            "id": 33,
            "text": "For calendar quarter ended",
            "box": [353.00,197.00,611.66,233.42],
            "label": "Period_Label",
            "words": [
                {
                    "text": "For",
                    "box": [357.00,200.00,395.68,231.38]
                },
                {
                    "text": "calendar",
                    "box": [398.00,201.00,478.63,230.41]
                },
				{
                    "text": "quarter",
                    "box": [482.00,200.00,550.67,230.41]
                },{
                    "text": "ended",
                    "box": [553.00,201.00,609.65,230.37]
                }
            ]
        },
        {
            "id": 34,
            "text": "December 31, 2022",
            "box": [613.00,198.40,1140.65,226.41],
            "label": "Period_Value",
            "words": [
                {
                    "text": "December",
                    "box": [788.00,204.43,883.64,224.53]
                },
                {
                    "text": "31,",
                    "box": [887.00,205.00,915.62,226.44]
                },
				{
                    "text": "2022",
                    "box": [918.00,205.00,964.69,226.49]
                }
            ]
        },
        {
            "id": 35,
            "text": "REMIC's identifying number",
            "box": [784.00,293.00,993.65,315.49],
            "label": "RemicNumber_Label",
            "words": [
                {
                    "text": "REMIC's",
                    "box": [787.00,294.00,850.64,311.44]
                },
                {
                    "text": "identifying",
                    "box": [853.00,295.00,930.63,313.49]
                },
				{
                    "text": "number",
                    "box": [932.00,296.45,990.65,311.45]
                }
            ]
        },
        {
            "id": 36,
            "text": "54-2050447",
            "box": [779.00,316.00,1398.54,344.48],
            "label": "RemicNumber_Value",
            "words": [
                {
                    "text": "54-2050447",
                    "box": [1032.00,320.00,1143.66,342.40]
                }
            ]
        },
        {
            "id": 37,
            "text": "REMIC's name, address, and ZIP code",
            "box": [780.00,347.00,1085.65,370.52],
            "label": "RemicName_Label",
            "words": [
                {
                    "text": "REMIC's",
                    "box": [785.00,349.00,849.67,367.49]
                },
                {
                    "text": "name,",
                    "box": [850.61,349.00,893.68,370.40]
                },
				{
                    "text": "address,",
                    "box": [896.00,350.00,954.67,367.50]
                },
				{
                    "text": "and",
                    "box": [957.00,350.81,985.47,367.74]
                },
				{
                    "text": "ZIP",
                    "box": [987.00,350.00,1010.75,367.85]
                },
				{
                    "text": "code",
                    "box": [1014.00,351.00,1059.06,366.80]
                }
            ]
        },
        {
            "id": 38,
            "text": "Freddie Mac REMIC, Series 002361 R",
            "box": [780.00,374.00,1130.04,403.80],
            "label": "RemicName_Value",
            "words": [
                {
                    "text": "Freddie",
                    "box": [781.00,377.00,848.64,399.84]
                },
                {
                    "text": "Mac",
                    "box": [850.00,377.79,889.61,398.75]
                },  {
                    "text": "REMIC,",
                    "box": [892.00,377.00,960.62,398.80]
                },  {
                    "text": "Series",
                    "box": [963.00,377.00,1021.62,397.75]
                },  {
                    "text": "002361",
                    "box": [1024.00,376.81,1087.62,398.84]
                },  {
                    "text": "R",
                    "box": [1092.00,377.00,1116.28,398.80]
                }
            ]
        },
        {
            "id": 39,
            "text": "b Your share of the taxable income (net loss) for the calendar quarter.....................",
            "box": [123.00,1218.00,1179.04,1260.78],
            "label": "Line1B_Label",
            "words": [
                {
                    "text": "b",
                    "box": [127.00,1224.00,148.08,1257.03]
                },
                {
                    "text": "Your",
                    "box": [152.00,1224.00,202.04,1257.83]
                },
				{
                    "text": "share",
                    "box": [204.00,1224.00,254.06,1257.97]
                },
				{
                    "text": "of",
                    "box": [258.00,1226.00,276.99,1255.86]
                },
				{
                    "text": "the",
                    "box": [279.00,1224.00,307.07,1255.83]
                },
				{
                    "text": "taxable",
                    "box": [310.00,1225.00,374.04,1256.83]
                },
				{
                    "text": "income",
                    "box": [376.00,1226.00,441.02,1257.93]
                },
				{
                    "text": "(net",
                    "box": [444.00,1224.00,480.01,1256.06]
                },
				{
                    "text": "loss)",
                    "box": [482.00,1222.00,526.06,1254.83]
                },
				{
                    "text": "for",
                    "box": [528.00,1223.00,553.00,1256.03]
                },
				{
                    "text": "the",
                    "box": [556.00,1225.00,584.00,1255.83]
                },
				{
                    "text": "calendar",
                    "box": [587.03,1224.00,663.05,1255.83]
                },
				{
                    "text": "quarter",
                    "box": [666.00,1226.00,734.07,1255.83]
                }
				
            ]
        },
        {
            "id": 40,
            "text": "1b 243",
            "box": [1190.00,1222.79,1393.84,1247.76],
            "label": "Line1B_Value",
            "words": [
                {
                    "text": "1b",
                    "box": [1193.00,1224.79,1236.46,1247.84]
                },
                {
                    "text": "243",
                    "box": [1241.00,1225.00,1392.03,1246.95]
                }
            ]
        }
    ]
}