{
	"form": 
	[
		{
			"box": [354.00,170.00,658.68,202.03],
			"id": 141,
			"label": "Period_Label",
			"text": "For calendar quarter ended",
			"words": [{
					"box": [354.00,169.00,402.69,201.03],
					"text": "For"
				}, {
					"box": [403.00,168.00,501.68,200.03],
					"text": "calendar"
				}, {
					"box": [500.00,171.00,585.68,203.03],
					"text": "quarter"
				}, {
					"box": [585.00,169.00,659.69,201.03],
					"text": "ended"
				}]
		},
		{
			"box": [659.00,168.00,1151.67,200.03],
			"id": 142,
			"label": "Period_Value",
			"text": "March 31, 2022",
			"words": [{
					"box": [825.66,168.00,894.67,200.03],
					"text": "March"
				}, {
					"box": [894.66,168.00,932.72,200.03],
					"text": "31,"
				}, {
					"box": [930.66,168.00,989.65,200.03],
					"text": "2022"
				}]
		}, 
		{
			"box": [755.66,268.97,1022.66,294.04],
			"id": 143,
			"label": "RemicNumber_Label",
			"text": "REMIC's identifying number",
			"words": [{
					"box": [755.66,268.97,839.68,294.04],
					"text": "REMIC's"
				}, {
					"box": [839.66,268.97,931.66,294.04],
					"text": "identifying"
				}, {
					"box": [932.66,267.97,1024.66,293.04],
					"text": "number"
				}]
		},
		{
			"box": [754.66,295.97,887.66,324.93],
			"id": 144,
			"label": "RemicNumber_Value",
			"text": "27-0533253",
			"words": [{
					"box": [754.66,295.97,887.66,324.93],
					"text": "27-0533253"
				}]
		},
		{
			"box": [753.66,325.97,1080.67,352.10],
			"id": 145,
			"label": "RemicName_Label",
			"text": "REMIC's name, address, and ZIP code",
			"words": [{
					"box": [759.69,325.97,836.66,352.10],
					"text": "REMIC's"
				}, {
					"box": [838.69,325.97,890.69,352.10],
					"text": "name,"
				}, {
					"box": [888.69,325.97,962.66,352.10],
					"text": "address,"
				}, {
					"box": [961.69,326.97,997.70,353.10],
					"text": "and"
				}, {
					"box": [996.69,325.97,1028.70,352.10],
					"text": "ZIP"
				}, {
					"box": [1027.69,325.97,1073.63,352.10],
					"text": "code"
				}]
		},
		{
			"box": [753.69,353.97,1430.67,382.96],
			"id": 146,
			"label": "RemicName_Value",
			"text": "CITIGROUP MLT RESECURITIZATION TRUST CERTS 2009-6",
			"words": [{
					"box": [753.69,353.97,886.67,382.96],
					"text": "CITIGROUP"
				}, {
					"box": [884.69,354.97,938.69,383.96],
					"text": "MLT"
				}, {
					"box": [938.69,354.97,1164.67,383.96],
					"text": "RESECURITIZATION"
				}, {
					"box": [1161.69,353.97,1243.70,382.96],
					"text": "TRUST"
				}, {
					"box": [1244.69,354.97,1326.70,383.96],
					"text": "CERTS"
				}, {
					"box": [1325.69,353.97,1410.66,382.96],
					"text": "2009-6"
				}]
		}, 
		{
			"box": [96.69,1237.97,1196.67,1279.95],
			"id": 147,
			"label": "Line1B_Label",
			"text": "b Your share of the taxable income (net loss) for the calendar quarter . . . . . . . . . . . . . . ",
			"words": [{
					"box": [108.65,1237.97,152.69,1279.95],
					"text": "b"
				}, {
					"box": [154.65,1236.97,210.65,1278.95],
					"text": "Your"
				}, {
					"box": [210.65,1238.97,272.66,1280.95],
					"text": "share"
				}, {
					"box": [272.65,1240.97,298.74,1282.95],
					"text": "of"
				}, {
					"box": [297.65,1240.97,335.64,1282.95],
					"text": "the"
				}, {
					"box": [333.65,1239.97,413.68,1281.95],
					"text": "taxable"
				}, {
					"box": [414.65,1238.97,494.68,1280.95],
					"text": "income"
				}, {
					"box": [492.65,1241.97,539.69,1283.95],
					"text": "(net"
				}, {
					"box": [537.65,1239.97,592.65,1281.95],
					"text": "loss)"
				}, {
					"box": [592.65,1239.97,624.73,1281.95],
					"text": "for"
				}, {
					"box": [623.65,1238.97,661.64,1280.95],
					"text": "the"
				}, {
					"box": [662.65,1237.97,755.65,1279.95],
					"text": "calendar"
				}, {
					"box": [754.65,1239.97,842.68,1281.95],
					"text": "quarter"
				}]
		}, 
		{
			"box": [1206.65,1218.02,1431.67,1271.98],
			"id": 148,
			"label": "Line1B_Value",
			"text": "1b (20,048.58)",
			"words": [{
					"box": [1206.65,1218.02,1256.69,1271.98],
					"text": "1b"
				}, {
					"box": [1262.65,1219.02,1431.68,1272.98],
					"text": "(20,048.58)"
				}]
		}	
		]
}