{
	"form": 
	[
		{
			"box": [416.00,167.00,681.67,204.03],
			"id": 157,
			"label": "Period_Label",
			"text": "For calendar quarter ended",
			"words": [{
					"box": [425.64,166.00,462.64,203.03],
					"text": "For"
				}, {
					"box": [462.64,164.00,544.68,201.03],
					"text": "calendar"
				}, {
					"box": [544.64,167.00,615.69,204.03],
					"text": "quarter"
				}, {
					"box": [615.64,168.00,678.69,205.03],
					"text": "ended"
				}]
		},
		{
			"box": [695.64,166.00,1060.67,203.03],
			"id": 158,
			"label": "Period_Value",
			"text": "March 31 ,20 22",
			"words": [{
					"box": [764.64,168.00,869.66,205.03],
					"text": "March 31"
				},{
					"box": [945.64,167.00,987.70,204.03],
					"text": ",20"
				},{
					"box": [990.64,165.00,1042.69,202.03],
					"text": "22"
				}]
		}, 
		{
			"box": [757.64,270.00,998.66,295.04],
			"id": 159,
			"label": "RemicNumber_Label",
			"text": "REMIC’s identifying number",
			"words": [{
					"box": [757.64,270.00,828.69,295.04],
					"text": "REMIC’s"
				}, {
					"box": [828.64,270.00,918.66,295.04],
					"text": "identifying"
				}, {
					"box": [918.69,270.00,987.70,295.04],
					"text": "number"
				}]
		}, 
		{
			"box": [759.69,293.00,987.62,325.97],
			"id": 160,
			"label": "RemicNumber_Value",
			"text": "65 1252042",
			"words": [{
					"box": [802.69,294.00,848.69,326.97],
					"text": "65"
				},{
					"box": [854.69,295.00,952.66,327.97],
					"text": "1252042"
				}]
		},
		{
			"box": [756.69,331.00,1078.67,352.08],
			"id": 161,
			"label": "RemicName_Label",
			"text": "REMIC’s name, address, and ZIP code",
			"words": [{
					"box": [756.69,331.00,823.69,352.08],
					"text": "REMIC’s"
				}, {
					"box": [824.69,331.00,872.69,352.08],
					"text": "name,"
				}, {
					"box": [872.69,330.00,937.64,351.08],
					"text": "address,"
				}, {
					"box": [936.69,331.00,968.73,352.08],
					"text": "and"
				}, {
					"box": [967.69,328.00,995.71,349.08],
					"text": "ZIP"
				}, {
					"box": [995.69,330.00,1037.62,351.08],
					"text": "code"
				}]
		},
		{
			"box": [755.69,349.00,1455.67,376.96],
			"id": 162,
			"label": "RemicName_Value",
			"text": "MASTR Adjustable Rate Mortgage Trust Mortgage Pass-Through Certificates,",
			"words": [{
					"box": [755.69,348.00,823.66,375.96],
					"text": "MASTR"
				}, {
					"box": [823.69,348.00,923.66,375.96],
					"text": "Adjustable"
				}, {
					"box": [924.69,349.00,969.69,376.96],
					"text": "Rate"
				}, {
					"box": [968.69,350.00,1061.66,377.96],
					"text": "Mortgage"
				},{
					"box": [1060.69,349.00,1111.69,376.96],
					"text": "Trust"
				},{
					"box": [1111.69,349.00,1202.68,376.96],
					"text": "Mortgage"
				},{
					"box": [1203.69,348.00,1329.69,375.96],
					"text": "Pass-Through"
				},{
					"box": [1329.69,349.00,1442.68,376.96],
					"text": "Certificates,"
				}]
		}, 
		{
			"box": [100.69,1190.00,1166.67,1238.04],
			"id": 163,
			"label": "Line1B_Label",
			"text": "b Your share of the taxable income (net loss) for the calendar quarter ............",
			"words": [{
					"box": [114.67,1195.00,152.62,1243.04],
					"text": "b"
				}, {
					"box": [158.69,1192.00,207.63,1240.04],
					"text": "Your"
				}, {
					"box": [208.69,1191.00,262.65,1239.04],
					"text": "share"
				}, {
					"box": [263.69,1193.00,287.71,1241.04],
					"text": "of"
				}, {
					"box": [286.69,1192.00,323.64,1240.04],
					"text": "the"
				}, {
					"box": [322.69,1191.00,396.66,1239.04],
					"text": "taxable"
				}, {
					"box": [396.69,1191.00,473.65,1239.04],
					"text": "income"
				}, {
					"box": [471.69,1193.00,514.70,1241.04],
					"text": "(net"
				}, {
					"box": [513.69,1192.00,560.65,1240.04],
					"text": "loss)"
				}, {
					"box": [561.00,1202.00,591.73,1230.00],
					"text": "for"
				}, {
					"box": [593.00,1202.00,626.64,1230.00],
					"text": "the"
				}, {
					"box": [628.00,1202.00,713.65,1230.00],
					"text": "calendar"
				}, {
					"box": [714.00,1202.00,792.70,1230.00],
					"text": "quarter"
				}]
		}, 
		{
			"box": [1172.00,1173.00,1436.67,1227.98],
			"id": 164,
			"label": "Line1B_Value",
			"text": "1b 0",
			"words": [{
					"box": [1172.00,1173.00,1220.69,1227.98],
					"text": "1b"
				}, {
					"box": [1226.00,1172.00,1430.67,1226.98],
					"text": "0"
				}]
		}	
		]
}