{
	"form": 
	[
		{
			"box": [553.67,301.00,847.68,338.08],
			"id": 197,
			"label": "Period_Label",
			"text": "For calendar quarter ended",
			"words": [{
					"box": [560.00,307.00,600.70,333.00],
					"text": "For"
				}, {
					"box": [603.00,306.00,697.68,331.00],
					"text": "calendar"
				}, {
					"box": [697.67,307.00,776.68,333.88],
					"text": "quarter"
				}, {
					"box": [778.68,307.00,844.64,332.96],
					"text": "ended"
				}]
		},
		{
			"box": [848.68,302.00,1001.68,338.97],
			"id": 198,
			"label": "Period_Value",
			"text": "June 30, 2022",
			"words": [{
					"box": [851.00,304.00,901.69,332.07],
					"text": "June"
				},{
					"box": [905.00,305.00,939.64,335.03],
					"text": "30,"
				},{
					"box": [942.00,306.00,995.67,335.06],
					"text": "2022"
				}]
		},
		{
			"box": [735.66,418.00,1016.67,452.97],
			"id": 199,
			"label": "RemicNumber_Label",
			"text": "REMIC's identifying number",
			"words": [{
					"box": [741.00,422.00,823.66,449.07],
					"text": "REMIC's"
				}, {
					"box": [826.67,422.98,925.68,451.09],
					"text": "identifying"
				}, {
					"box": [929.00,424.02,1008.70,450.04],
					"text": "number"
				}]
		}, 
		{
			"box": [743.00,457.00,887.69,481.11],
			"id": 200,
			"label": "RemicNumber_Value",
			"text": "54-2165533",
			"words": [{
					"box": [743.00,457.00,887.69,481.11],
					"text": "54-2165533"
				}]
		}, 
		{
			"box": [731.67,487.00,1090.67,526.02],
			"id": 201,
			"label": "RemicName_Label",
			"text": "REMIC's name, address, and ZIP code",
			"words": [{
					"box": [738.00,490.00,818.65,521.06],
					"text": "REMIC's"
				}, {
					"box": [820.67,491.00,876.71,521.00],
					"text": "name,"
				}, {
					"box": [879.00,492.00,958.66,521.03],
					"text": "address,"
				}, {
					"box": [957.00,493.00,994.70,520.09],
					"text": "and"
				}, {
					"box": [994.66,493.98,1028.64,521.00],
					"text": "ZIP"
				}, {
					"box": [1031.00,493.00,1078.65,519.96],
					"text": "code"
				}]
		}, 
		{
			"box": [755.67,527.99,1098.67,556.04],
			"id": 202,
			"label": "RemicName_Value",
			"text": "First Franklin Mortgage Loan Trust",
			"words": [{
					"box": [759.00,531.00,808.65,552.96],
					"text": "First"
				}, {
					"box": [812.00,532.00,889.66,551.95],
					"text": "Franklin"
				}, {
					"box": [892.00,530.00,981.68,553.96],
					"text": "Mortgage"
				}, {
					"box": [984.00,533.01,1031.69,553.09],
					"text": "Loan"
				},{
					"box": [1035.00,532.00,1089.69,554.04],
					"text": "Trust"
				}]
		}, 
		{
			"box": [114.00,1367.00,1135.67,1419.02],
			"id": 203,
			"label": "Line1B_Label",
			"text": "b Your share of the taxable income (net loss) for the calendar quarter _______________________________",
			"words": [{
					"box": [119.00,1373.00,139.62,1414.02],
					"text": "b"
				}, {
					"box": [144.00,1373.00,189.65,1473.00],
					"text": "Your"
				}, {
					"box": [192.00,1374.02,241.65,1413.02],
					"text": "share"
				}, {
					"box": [245.00,1373.00,264.72,1411.03],
					"text": "of"
				}, {
					"box": [267.00,1374.00,295.67,1409.94],
					"text": "the"
				}, {
					"box": [298.00,1377.01,363.66,1410.08],
					"text": "taxable"
				}, {
					"box": [365.00,1379.00,430.69,1410.03],
					"text": "income"
				}, {
					"box": [434.00,1379.99,470.70,1412.03],
					"text": "(net"
				}, {
					"box": [472.68,1377.99,515.70,1413.05],
					"text": "loss)"
				}, {
					"box": [518.00,1375.99,543.63,1413.03],
					"text": "for"
				}, {
					"box": [546.00,1378.01,574.71,1413.08],
					"text": "the"
				}, {
					"box": [576.66,1375.99,655.68,1412.05],
					"text": "calendar"
				}, {
					"box": [658.00,1376.00,722.66,1414.03],
					"text": "quarter"
				}]
		}, 
		{
			"box": [1140.00,1363.00,1398.67,1405.00],
			"id": 204,
			"label": "Line1B_Value",
			"text": "1b 139,100",
			"words": [{
					"box": [1141.00,1365.00,1184.62,1403.03],
					"text": "1b"
				}, {
					"box": [1188.00,1364.00,1395.67,1402.98],
					"text": "139,100"
				}]
		}
	]
}