{
	"form": 
	[
		{
			"box": [424.00,169.00,684.78,209.02],
			"id": 165,
			"label": "Period_Label",
			"text": "For calendar quarter ended",
			"words": [{
					"box": [426.73,166.00,462.78,206.02],
					"text": "For"
				}, {
					"box": [462.73,166.00,544.77,206.02],
					"text": "calendar"
				}, {
					"box": [544.73,166.00,614.77,206.02],
					"text": "quarter"
				}, {
					"box": [615.73,165.00,678.81,205.02],
					"text": "ended"
				}]
		}, 
		{
			"box": [695.78,165.00,1052.78,205.02],
			"id": 166,
			"label": "Period_Value",
			"text": "March 31 ,20 22",
			"words": [{
					"box": [695.78,165.00,939.79,205.02],
					"text": "March 31"
				},{
					"box": [941.76,162.00,987.76,202.02],
					"text": ",20"
				},{
					"box": [986.76,164.00,1047.76,204.02],
					"text": "22"
				}]
		},
		{
			"box": [756.76,270.00,1030.78,296.92],
			"id": 167,
			"label": "RemicNumber_Label",
			"text": "REMIC’s identifying number",
			"words": [{
					"box": [756.76,270.00,828.79,296.92],
					"text": "REMIC’s"
				}, {
					"box": [828.76,270.00,918.77,296.92],
					"text": "identifying"
				}, {
					"box": [918.76,268.00,990.79,294.92],
					"text": "number"
				}]
		}, 
		{
			"box": [757.76,297.00,1004.78,327.93],
			"id": 168,
			"label": "RemicNumber_Value",
			"text": "56 2440865",
			"words": [{
					"box": [757.76,297.00,850.80,327.93],
					"text": "56"
				},{
					"box": [849.76,295.00,977.76,325.93],
					"text": "2440865"
				}]
		}, 
		{
			"box": [757.76,331.00,1109.78,353.04],
			"id": 169,
			"label": "RemicName_Label",
			"text": "REMIC’s name, address, and ZIP code",
			"words": [{
					"box": [758.76,332.00,824.80,354.04],
					"text": "REMIC’s"
				}, {
					"box": [823.76,332.00,872.76,354.04],
					"text": "name,"
				}, {
					"box": [871.76,329.00,935.80,351.04],
					"text": "address,"
				}, {
					"box": [936.76,331.00,968.81,353.04],
					"text": "and"
				}, {
					"box": [967.76,330.00,995.75,352.04],
					"text": "ZIP"
				}, {
					"box": [995.76,329.00,1035.75,351.04],
					"text": "code"
				}]
		},
		{
			"box": [756.76,349.00,1438.78,374.96],
			"id": 170,
			"label": "RemicName_Value",
			"text": "Structured Adjustable Rate Mortgage Loan Trust Mortgage Pass-Through",
			"words": [{
					"box": [756.76,349.00,855.77,374.96],
					"text": "Structured"
				}, {
					"box": [855.76,350.00,955.77,375.96],
					"text": "Adjustable"
				}, {
					"box": [955.76,352.00,1000.74,377.96],
					"text": "Rate"
				}, {
					"box": [1000.76,351.00,1093.79,376.96],
					"text": "Mortgage"
				},{
					"box": [1092.76,350.00,1140.80,375.96],
					"text": "Loan"
				},{
					"box": [1141.76,349.00,1190.76,374.96],
					"text": "Trust"
				},{
					"box": [1190.76,350.00,1282.79,375.96],
					"text": "Mortgage"
				},{
					"box": [1282.76,349.00,1438.75,374.96],
					"text": "Pass-Through"
				}]
		}, 
		{
			"box": [110.76,1201.00,1122.78,1234.97],
			"id": 171,
			"label": "Line1B_Label",
			"text": "b Your share of the taxable income (net loss) for the calendar quarter ............",
			"words": [{
					"box": [111.76,1199.00,150.76,1232.97],
					"text": "b"
				}, {
					"box": [154.76,1198.00,208.76,1231.97],
					"text": "Your"
				}, {
					"box": [208.76,1198.00,262.76,1231.97],
					"text": "share"
				}, {
					"box": [262.76,1199.00,287.74,1232.97],
					"text": "of"
				}, {
					"box": [287.76,1199.00,324.75,1232.97],
					"text": "the"
				}, {
					"box": [322.76,1200.00,396.77,1233.97],
					"text": "taxable"
				}, {
					"box": [397.76,1200.00,471.77,1233.97],
					"text": "income"
				}, {
					"box": [471.76,1200.00,514.83,1233.97],
					"text": "(net"
				}, {
					"box": [513.76,1199.00,560.76,1232.97],
					"text": "loss)"
				}, {
					"box": [560.76,1199.00,591.81,1232.97],
					"text": "for"
				}, {
					"box": [591.76,1199.00,628.75,1232.97],
					"text": "the"
				}, {
					"box": [627.76,1200.00,713.79,1233.97],
					"text": "calendar"
				}, {
					"box": [713.76,1200.00,799.79,1233.97],
					"text": "quarter"
				}]
		}, 
		{
			"box": [1172.76,1172.00,1437.78,1228.98],
			"id": 172,
			"label": "Line1B_Value",
			"text": "1b -20,074",
			"words": [{
					"box": [1172.76,1172.00,1220.76,1228.98],
					"text": "1b"
				}, {
					"box": [1226.76,1171.00,1433.78,1227.98],
					"text": "-20,074"
				}]
		}	
		]
}