{
	"form": 
	[
		{
			"box": [420.00,162.02,697.68,209.02],
			"id": 109,
			"label": "Period_Label",
			"text": "For calendar quarter ended",
			"words": [{
					"box": [425.62,162.02,465.65,209.02],
					"text": "For"
				}, {
					"box": [466.64,162.02,554.66,209.02],
					"text": "calendar"
				}, {
					"box": [553.64,161.98,629.69,206.02],
					"text": "quarter"
				}, {
					"box": [629.64,163.98,695.69,208.02],
					"text": "ended"
				}]
		},
		{
			"box": [695.64,161.98,945.68,206.02],
			"id": 110,
			"label": "Period_Value",
			"text": "09/30/2022",
			"words": [{
					"box": [695.64,161.98,945.68,206.02],
					"text": "09/30/2022"
				}]
		}, 
		{
			"box": [758.64,269.96,1008.68,298.06],
			"id": 111,
			"label": "RemicNumber_Label",
			"text": "REMIC’s identifying number",
			"words": [{
					"box": [758.64,269.96,840.68,298.06],
					"text": "REMIC’s"
				}, {
					"box": [839.66,269.96,931.67,298.06],
					"text": "identifying"
				}, {
					"box": [930.66,269.96,1002.69,298.06],
					"text": "number"
				}]
		}, 
		{
			"box": [756.66,290.96,918.68,329.05],
			"id": 112,
			"label": "RemicNumber_Value",
			"text": "45-3120518",
			"words": [{
					"box": [756.66,290.96,918.68,329.05],
					"text": "45-3120485"
				}]
		}, 
		{
			"box": [756.66,329.96,1081.67,360.03],
			"id": 113,
			"label": "RemicName_Label",
			"text": "REMIC’s name, address, and ZIP code",
			"words": [{
					"box": [756.66,329.96,836.68,360.03],
					"text": "REMIC's"
				}, {
					"box": [837.67,329.96,889.66,360.03],
					"text": "name,"
				}, {
					"box": [888.66,329.96,961.69,360.03],
					"text": "address,"
				}, {
					"box": [962.70,329.96,997.65,360.03],
					"text": "and"
				}, {
					"box": [995.64,329.96,1028.64,360.03],
					"text": "ZIP"
				}, {
					"box": [1027.65,329.96,1079.66,360.03],
					"text": "code"
				}]
		},
		{
			"box": [756.65,356.96,1413.68,392.03],
			"id": 114,
			"label": "RemicName_Value",
			"text": "GNMA REMIC Pass-Through Certificates Series 2011-114 Pooling REMIC ",
			"words": [{
					"box": [756.65,356.96,823.66,392.03],
					"text": "GNMA"
				}, {
					"box": [821.66,356.96,888.66,392.03],
					"text": "REMIC"
				}, {
					"box": [888.68,356.96,1013.66,392.03],
					"text": "Pass-Through"
				}, {
					"box": [1012.68,358.96,1113.66,394.03],
					"text": "Certificates"
				}, {
					"box": [1114.68,358.96,1173.69,394.03],
					"text": "Series"
				}, {
					"box": [1171.68,357.96,1257.66,393.03],
					"text": "2011-114"
				}, {
					"box": [1257.68,356.96,1327.69,392.03],
					"text": "Pooling"
				}, {
					"box": [1327.68,357.96,1397.69,393.03],
					"text": "REMIC"
				}]
		}, 
		{
			"box": [101.67,1194.02,1160.67,1234.02],
			"id": 115,
			"label": "Line1B_Label",
			"text": "b Your share of the taxable income (net loss) for the calendar quarter ...........",
			"words": [{
					"box": [101.67,1194.02,153.65,1234.02],
					"text": "b"
				}, {
					"box": [154.67,1195.02,213.65,1235.02],
					"text": "Your"
				}, {
					"box": [212.67,1196.02,273.66,1236.02],
					"text": "share"
				}, {
					"box": [273.67,1196.02,300.74,1236.02],
					"text": "of"
				}, {
					"box": [300.67,1196.00,337.70,1235.02],
					"text": "the"
				}, {
					"box": [336.67,1196.00,416.66,1235.02],
					"text": "taxable"
				}, {
					"box": [417.67,1195.00,497.66,1234.02],
					"text": "income"
				}, {
					"box": [497.67,1199.00,540.70,1238.02],
					"text": "(net"
				}, {
					"box": [539.67,1196.00,591.65,1235.02],
					"text": "loss)"
				}, {
					"box": [592.67,1196.00,626.70,1235.02],
					"text": "for"
				}, {
					"box": [626.70,1197.00,664.65,1236.02],
					"text": "the"
				}, {
					"box": [664.70,1198.00,757.67,1237.02],
					"text": "calendar"
				}, {
					"box": [756.70,1196.00,837.68,1235.02],
					"text": "quarter"
				}]
		}, 
		{
			"box": [1169.68,1175.00,1431.67,1226.98],
			"id": 116,
			"label": "Line1B_Value",
			"text": "1b -4,485",
			"words": [{
					"box": [1171.65,1172.00,1221.69,1226.98],
					"text": "1b"
				}, {
					"box": [1225.65,1173.00,1430.67,1227.98],
					"text": "-4,485"
				}]
		}	
		]
}