{
	"form": 
	[
		{
			"box": 
			[423.00,167.00,695.44,199.03],
			"id": 101,
			"label": "Period_Label",
			"text": "For calendar quarter ended",
			"words": [
			{
					"box": [424.00,172.96,466.69,196.92],
					"text": "For"
				}, {
					"box": [465.00,172.00,555.95,197.74],
					"text": "calendar"
				}, {
					"box": [554.00,171.00,629.66,201.03],
					"text": "quarter"
				}, {
					"box": [630.00,171.00,695.69,201.93],
					"text": "ended"
				}]
		}, 
		{
			"box": [695.67,165.00,945.67,208.00],
			"id": 102,
			"label": "Period_Value",
			"text": "09/30/2022",
			"words": [{
					"box": [695.67,165.00,945.67,208.00],
					"text": "09/30/2022"
				}]
		}, 
		{
			"box": [759.67,270.00,1008.28,296.96],
			"id": 103,
			"label": "RemicNumber_Label",
			"text": "REMIC’s identifying number",
			"words": [{
					"box": [757.66,271.00,839.68,295.04],
					"text": "REMIC’s"
				}, {
					"box": [840.66,269.00,932.68,292.04],
					"text": "identifying"
				}, {
					"box": [931.66,271.00,1001.69,294.96],
					"text": "number"
				}]
		},
		{
			"box": [758.00,293.00,908.68,326.97],
			"id": 104,
			"label": "RemicNumber_Value",
			"text": "45-2846216",
			"words": [{
					"box": [758.00,293.00,908.68,326.97],
					"text": "45-2846216"
				}]
		},
		{
			"box": [757.00,330.00,1074.67,360.03],
			"id": 105,
			"label": "RemicName_Label",
			"text": "REMIC’s name, address, and ZIP code",
			"words": [{
					"box": [757.00,330.00,836.66,355.04],
					"text": "REMIC’s"
				}, {
					"box": [836.00,331.00,889.69,354.08],
					"text": "name,"
				}, {
					"box": [889.00,330.00,962.70,355.04],
					"text": "address,"
				}, {
					"box": [961.00,330.00,996.64,354.04],
					"text": "and"
				}, {
					"box": [995.00,329.00,1028.73,352.04],
					"text": "ZIP"
				}, {
					"box": [1028.00,331.00,1072.65,352.08],
					"text": "code"
				}]
		}, 
		{
			"box": [759.00,361.00,1411.67,390.97],
			"id": 106,
			"label": "RemicName_Value",
			"text": "GNMA REMIC Pass-Through Certificates Series 2011-101 Pooling REMIC",
			"words": [{
					"box": [758.00,361.00,823.66,390.97],
					"text": "GNMA"
				}, {
					"box": [822.00,361.00,887.66,390.97],
					"text": "REMIC"
				}, {
					"box": [887.00,360.00,1013.68,389.97],
					"text": "Pass-Through"
				}, {
					"box": [1013.00,362.00,1114.66,391.97],
					"text": "Certificates"
				}, {
					"box": [1114.00,360.00,1173.70,389.97],
					"text": "Series"
				}, {
					"box": [1173.00,360.00,1257.66,389.97],
					"text": "2011-101"
				}, {
					"box": [1256.00,359.00,1327.69,388.97],
					"text": "Pooling"
				}, {
					"box": [1327.00,360.00,1398.69,389.97],
					"text": "REMIC"
				}]
		},
		{
			"box": [104.00,1194.00,1163.67,1236.98],
			"id": 107,
			"label": "Line1B_Label",
			"text": "b Your share of the taxable income (net loss) for the calendar quarter ...........",
			"words": [{
					"box": [104.00,1194.00,155.65,1236.98],
					"text": "b"
				}, {
					"box": [155.00,1194.00,212.65,1236.98],
					"text": "Your"
				}, {
					"box": [212.00,1197.00,273.66,1239.98],
					"text": "share"
				}, {
					"box": [274.00,1200.00,300.64,1242.98],
					"text": "of"
				}, {
					"box": [300.00,1198.00,336.70,1240.98],
					"text": "the"
				}, {
					"box": [338.00,1196.00,417.70,1238.98],
					"text": "taxable"
				}, {
					"box": [417.00,1197.00,496.70,1239.98],
					"text": "income"
				}, {
					"box": [496.00,1197.00,538.70,1239.98],
					"text": "(net"
				}, {
					"box": [541.00,1195.00,592.65,1237.98],
					"text": "loss)"
				}, {
					"box": [593.00,1196.00,626.70,1238.98],
					"text": "for"
				}, {
					"box": [626.00,1195.00,664.70,1237.98],
					"text": "the"
				}, {
					"box": [665.00,1195.00,758.68,1237.98],
					"text": "calendar"
				}, {
					"box": [758.00,1197.00,839.68,1239.98],
					"text": "quarter"
				}]
		}, 
		{
			"box": [1173.00,1185.00,1429.67,1227.98],
			"id": 108,
			"label": "Line1B_Value",
			"text": "1b 672",
			"words": [{
					"box": [1173.00,1185.00,1220.65,1227.98],
					"text": "1b"
				}, {
					"box": [1229.00,1177.02,1382.68,1226.98],
					"text": "672"
				}]
		}		
		]
}