{
	"form": 
	[
		{
			"box": [418.67,164.00,698.66,207.02],
			"id": 117,
			"label": "Period_Label",
			"text": "For calendar quarter ended",
			"words": [{
					"box": [418.67,164.00,466.71,207.02],
					"text": "For"
				}, {
					"box": [464.67,163.00,554.68,206.02],
					"text": "calendar"
				}, {
					"box": [554.67,166.00,630.65,209.02],
					"text": "quarter"
				}, {
					"box": [629.67,164.00,696.69,207.02],
					"text": "ended"
				}]
		}, 
		{
			"box": [694.67,162.00,1050.67,205.02],
			"id": 118,
			"label": "Period_Value",
			"text": "09/30/2022",
			"words": [{
					"box": [694.67,162.00,1050.67,205.02],
					"text": "09/30/2022"
				}]
		},
		{
			"box": [756.67,271.00,1051.68,299.96],
			"id": 119,
			"label": "RemicNumber_Label",
			"text": "REMIC's identifying number",
			"words": [{
					"box": [756.67,271.00,839.66,299.96],
					"text": "REMIC’s"
				}, {
					"box": [839.67,271.00,932.66,299.96],
					"text": "identifying"
				}, {
					"box": [931.67,271.00,1018.68,299.96],
					"text": "number"
				}]
		},
		{
			"box": [756.68,292.00,997.67,328.94],
			"id": 120,
			"label": "RemicNumber_Value",
			"text": "45-4194178",
			"words": [{
					"box": [756.68,292.00,997.67,328.94],
					"text": "45-4194178"
				}]
		},
		{
			"box": [756.68,331.00,1140.67,362.93],
			"id": 121,
			"label": "RemicName_Label",
			"text": "REMIC’s name, address, and ZIP code",
			"words": [{
					"box": [756.68,331.00,836.66,362.93],
					"text": "REMIC’s"
				}, {
					"box": [835.68,331.00,889.71,362.93],
					"text": "name,"
				}, {
					"box": [888.68,329.00,961.66,360.93],
					"text": "address,"
				}, {
					"box": [961.68,330.00,997.70,361.93],
					"text": "and"
				}, {
					"box": [995.68,328.00,1027.70,359.93],
					"text": "ZIP"
				}, {
					"box": [1026.68,329.00,1074.63,360.93],
					"text": "code"
				}]
		}, 
		{
			"box": [755.68,357.00,1427.67,393.00],
			"id": 122,
			"label": "RemicName_Value",
			"text": "GNMA REMIC Pass-Through Certificates Series 2011-166 Issuing REMIC",
			"words": [{
					"box": [755.68,357.00,822.69,393.00],
					"text": "GNMA"
				}, {
					"box": [821.68,356.00,889.66,392.00],
					"text": "REMIC"
				}, {
					"box": [888.68,358.00,1014.66,394.00],
					"text": "Pass-Through"
				}, {
					"box": [1014.68,357.00,1116.68,393.00],
					"text": "Certificates"
				}, {
					"box": [1115.68,358.00,1175.70,394.00],
					"text": "Series"
				}, {
					"box": [1175.68,358.00,1261.68,394.00],
					"text": "2011-166"
				}, {
					"box": [1260.68,358.00,1327.64,394.00],
					"text": "Issuing"
				}, {
					"box": [1326.68,358.00,1394.66,394.00],
					"text": "REMIC"
				}]
		},
		{
			"box": [101.68,1190.00,1162.67,1237.00],
			"id": 123,
			"label": "Line1B_Label",
			"text": "b Your share of the taxable income (net loss) for the calendar quarter ...........",
			"words": [{
					"box": [102.68,1190.00,154.65,1237.00],
					"text": "b"
				}, {
					"box": [155.68,1190.00,212.65,1237.00],
					"text": "Your"
				}, {
					"box": [212.68,1191.00,274.66,1238.00],
					"text": "share"
				}, {
					"box": [274.68,1192.00,299.71,1239.00],
					"text": "of"
				}, {
					"box": [299.68,1192.00,337.64,1239.00],
					"text": "the"
				}, {
					"box": [336.68,1191.00,417.65,1238.00],
					"text": "taxable"
				}, {
					"box": [417.68,1192.00,498.65,1239.00],
					"text": "income"
				}, {
					"box": [495.68,1195.00,540.69,1242.00],
					"text": "(net"
				}, {
					"box": [539.68,1192.00,592.65,1239.00],
					"text": "loss)"
				}, {
					"box": [592.68,1192.00,626.73,1239.00],
					"text": "for"
				}, {
					"box": [626.68,1191.00,664.64,1238.00],
					"text": "the"
				}, {
					"box": [663.68,1194.00,757.66,1241.00],
					"text": "calendar"
				}, {
					"box": [757.68,1193.00,837.68,1240.00],
					"text": "quarter"
				}]
		}, 
		{
			"box": [1170.68,1172.00,1432.67,1228.98],
			"id": 124,
			"label": "Line1B_Value",
			"text": "1b 27,818",
			"words": [{
					"box": [1170.68,1172.00,1220.69,1228.98],
					"text": "1b"
				}, {
					"box": [1225.68,1172.00,1432.67,1228.98],
					"text": "27,818"
				}]
		}	
		]
}