{
	"form": 
	[
		{
			"box": [552.67,300.00,846.68,340.02],
			"id": 189,
			"label": "Period_Label",
			"text": "For calendar quarter ended",
			"words": [{
					"box": [556.00,305.00,599.65,337.06],
					"text": "For"
				}, {
					"box": [602.67,304.00,694.65,335.03],
					"text": "calendar"
				}, {
					"box": [697.00,305.00,776.67,336.06],
					"text": "quarter"
				}, {
					"box": [778.67,305.00,844.69,335.06],
					"text": "ended"
				}]
		},
		{
			"box": [848.68,298.00,1005.68,340.02],
			"id": 190,
			"label": "Period_Value",
			"text": "June 30, 2022",
			"words": [{
					"box": [849.68,302.00,901.65,333.03],
					"text": "June"
				},{
					"box": [904.67,303.00,936.61,332.85],
					"text": "30,"
				},{
					"box": [941.00,305.00,996.65,335.00],
					"text": "2022"
				}]
		},
		{
			"box": [732.00,417.00,1019.66,452.94],
			"id": 191,
			"label": "RemicNumber_Label",
			"text": "REMIC's identifying number",
			"words": [{
					"box": [738.00,422.00,822.66,448.07],
					"text": "REMIC's"
				}, {
					"box": [827.00,423.00,925.68,449.03],
					"text": "identifying"
				}, {
					"box": [928.00,421.00,1004.68,447.01],
					"text": "number"
				}]
		}, 
		{
			"box": [757.66,456.00,880.66,479.15],
			"id": 192,
			"label": "RemicNumber_Value",
			"text": "54-2090846",
			"words": [{
					"box": [757.66,456.00,880.66,479.15],
					"text": "54-2090846"
				}]
		}, {
			"box": [737.00,488.00,1081.67,522.06],
			"id": 193,
			"label": "RemicName_Label",
			"text": "REMIC's name, address, and ZIP code",
			"words": [{
					"box": [740.00,491.00,817.72,518.04],
					"text": "REMIC's"
				}, {
					"box": [821.00,493.00,876.65,515.00],
					"text": "name,"
				}, {
					"box": [879.67,491.00,955.68,516.04],
					"text": "address,"
				}, {
					"box": [957.67,491.00,992.70,518.07],
					"text": "and"
				}, {
					"box": [993.68,490.00,1027.70,517.04],
					"text": "ZIP"
				}, {
					"box": [1029.68,492.00,1075.69,519.74],
					"text": "code"
				}]
		}, 
		{
			"box": [1029.68,492.00,1075.69,519.74],
			"id": 194,
			"label": "RemicName_Value",
			"text": "First Franklin Mortgage Loan Trust",
			"words": [{
					"box": [765.00,530.00,809.63,554.11],
					"text": "First"
				}, {
					"box": [812.00,530.00,887.68,552.00],
					"text": "Franklin"
				}, {
					"box": [890.68,528.00,980.66,553.96],
					"text": "Mortgage"
				}, {
					"box": [983.00,531.99,1033.69,552.00],
					"text": "Loan"
				},{
					"box": [1036.00,530.00,1085.67,552.00],
					"text": "Trust"
				}]
		},
		{
			"box": [115.00,1368.00,1135.67,1419.04],
			"id": 195,
			"label": "Line1B_Label",
			"text": "b Your share of the taxable income (net loss) for the calendar quarter _______________________________",
			"words": [{
					"box": [118.00,1373.00,138.62,1413.02],
					"text": "b"
				}, {
					"box": [141.67,1374.00,189.69,1414.05],
					"text": "Your"
				}, {
					"box": [192.00,1374.00,241.65,1416.02],
					"text": "share"
				}, {
					"box": [245.00,1375.00,264.67,1416.05],
					"text": "of"
				}, {
					"box": [267.00,1377.00,295.64,1414.00],
					"text": "the"
				}, {
					"box": [298.67,1376.00,363.67,1415.02],
					"text": "taxable"
				}, {
					"box": [367.00,1378.00,432.67,1416.05],
					"text": "income"
				}, {
					"box": [435.00,1377.00,469.73,1413.03],
					"text": "(net"
				}, {
					"box": [471.67,1379.00,515.65,1414.08],
					"text": "loss)"
				}, {
					"box": [518.00,1377.00,542.63,1412.03],
					"text": "for"
				}, {
					"box": [546.00,1378.00,575.71,1413.03],
					"text": "the"
				}, {
					"box": [578.00,1381.01,655.65,1413.08],
					"text": "calendar"
				}, {
					"box": [657.66,1379.00,726.69,1408.06],
					"text": "quarter"
				}]
		}, 
		{
			"box": [1138.00,1360.00,1393.66,1404.0],
			"id": 196,
			"label": "Line1B_Value",
			"text": "1b 39,700",
			"words": [{
					"box": [1140.00,1362.00,1183.65,1402.00],
					"text": "1b"
				}, {
					"box": [1189.00,1362.00,1391.66,1401.92],
					"text": "39,700"
				}]
		}
	]
}