{
	"form": 
	[
		{
			"box": [350.00,166.00,656.67,206.00],
			"id": 133,
			"label": "Period_Label",
			"text": "For calendar quarter ended",
			"words": [{
					"box": [355.65,165.00,402.65,205.00],
					"text": "For"
				}, {
					"box": [402.65,166.00,500.65,206.00],
					"text": "calendar"
				}, {
					"box": [501.65,166.00,585.68,206.00],
					"text": "quarter"
				}, {
					"box": [583.65,164.00,660.68,204.00],
					"text": "ended"
				}]
		},
		{
			"box": [657.65,170.03,1151.67,204.00],
			"id": 134,
			"label": "Period_Value",
			"text": "March 31, 2022",
			"words": [{
					"box": [821.67,170.03,893.69,204.00],
					"text": "March"
				}, {
					"box": [893.67,170.03,931.70,204.00],
					"text": "31,"
				}, {
					"box": [931.67,169.03,993.69,203.00],
					"text": "2022"
				}]
		}, 
		{
			"box": [755.67,268.03,1019.66,296.03],
			"id": 135,
			"label": "RemicNumber_Label",
			"text": "REMIC's identifying number",
			"words": [{
					"box": [755.67,268.03,839.68,296.03],
					"text": "REMIC's"
				}, {
					"box": [838.67,268.03,931.66,296.03],
					"text": "identifying"
				}, {
					"box": [932.67,267.03,1007.69,295.03],
					"text": "number"
				}]
		}, 
		{
			"box": [753.67,296.03,986.67,324.03],
			"id": 136,
			"label": "RemicNumber_Value",
			"text": "27-0533143",
			"words": [{
					"box": [753.67,296.03,986.67,324.03],
					"text": "27-0533143"
				}]
		},
		{
			"box": [755.67,325.96,1139.67,352.03],
			"id": 137,
			"label": "RemicName_Label",
			"text": "REMIC's name, address, and ZIP code",
			"words": [{
					"box": [757.66,325.96,837.66,352.03],
					"text": "REMIC's"
				}, {
					"box": [838.66,325.96,890.69,352.03],
					"text": "name,"
				}, {
					"box": [888.66,324.96,961.69,351.96],
					"text": "address,"
				}, {
					"box": [960.66,324.96,996.70,351.96],
					"text": "and"
				}, {
					"box": [995.66,324.96,1028.70,351.96],
					"text": "ZIP"
				}, {
					"box": [1028.66,324.96,1073.65,351.96],
					"text": "code"
				}]
		},
		{
			"box": [754.66,354.96,1428.67,384.00],
			"id": 138,
			"label": "RemicName_Value",
			"text": "CITIGROUP MLT RESECURITIZATION TRUST CERTS 2009-6",
			"words": [{
					"box": [754.66,354.96,885.68,384.00],
					"text": "CITIGROUP"
				}, {
					"box": [886.66,354.96,938.69,384.00],
					"text": "MLT"
				}, {
					"box": [937.66,354.96,1163.67,384.00],
					"text": "RESECURITIZATION"
				}, {
					"box": [1163.66,353.96,1243.68,383.00],
					"text": "TRUST"
				}, {
					"box": [1243.66,354.96,1326.67,384.00],
					"text": "CERTS"
				}, {
					"box": [1325.66,354.96,1408.67,384.00],
					"text": "2009-6"
				}]
		},
		{
			"box": [106.66,1237.96,1196.67,1281.00],
			"id": 139,
			"label": "Line1B_Label",
			"text": "b Your share of the taxable income (net loss) for the calendar quarter . . . . . . . . . . . . . .",
			"words": [{
					"box": [116.65,1237.96,154.69,1281.00],
					"text": "b"
				}, {
					"box": [154.65,1237.96,210.65,1281.00],
					"text": "Your"
				}, {
					"box": [211.65,1238.96,272.69,1282.00],
					"text": "share"
				}, {
					"box": [272.65,1239.96,299.71,1283.00],
					"text": "of"
				}, {
					"box": [298.65,1239.96,336.64,1283.00],
					"text": "the"
				}, {
					"box": [335.65,1239.96,414.65,1283.00],
					"text": "taxable"
				}, {
					"box": [414.65,1241.96,493.65,1285.00],
					"text": "income"
				}, {
					"box": [493.65,1240.96,538.69,1284.00],
					"text": "(net"
				}, {
					"box": [538.65,1240.96,591.69,1284.00],
					"text": "loss)"
				}, {
					"box": [591.65,1239.96,625.70,1283.00],
					"text": "for"
				}, {
					"box": [625.65,1238.96,661.62,1282.00],
					"text": "the"
				}, {
					"box": [661.65,1238.96,754.66,1282.00],
					"text": "calendar"
				}, {
					"box": [754.65,1239.96,843.68,1283.00],
					"text": "quarter"
				}]
		}, 
		{
			"box": [1206.65,1216.96,1432.68,1273.98],
			"id": 140,
			"label": "Line1B_Value",
			"text": "1b (8,683.64)",
			"words": [{
					"box": [1206.65,1216.96,1256.69,1273.98],
					"text": "1b"
				}, {
					"box": [1262.65,1215.96,1431.67,1272.98],
					"text": "(8,683.64)"
				}]
		}	
		]
}