{
	"form": 
	[
		{
			"box": [397.00,171.00,676.67,205.05],
			"id": 149,
			"label": "Period_Label",
			"text": "For calendar quarter ended",
			"words": [{
					"box": [404.65,171.00,445.69,205.05],
					"text": "For"
				}, {
					"box": [444.65,172.00,533.66,206.05],
					"text": "calendar"
				}, {
					"box": [532.66,170.00,608.68,204.05],
					"text": "quarter"
				}, {
					"box": [607.66,170.00,676.70,204.05],
					"text": "ended"
				}]
		}, 
		{
			"box": [677.66,167.00,1090.67,201.05],
			"id": 150,
			"label": "Period_Value",
			"text": "3/31/2022",
			"words": [{
					"box": [828.67,167.00,944.68,201.05],
					"text": "3/31/2022"
				}]
		},
		{
			"box": [745.67,283.00,1058.66,317.05],
			"id": 151,
			"label": "RemicNumber_Label",
			"text": "REMIC's identifying number",
			"words": [{
					"box": [752.65,283.00,842.68,317.05],
					"text": "REMIC's"
				}, {
					"box": [841.65,282.00,949.68,316.05],
					"text": "identifying"
				}, {
					"box": [948.65,283.00,1031.68,317.05],
					"text": "number"
				}]
		}, 
		{
			"box": [744.65,311.00,1025.66,341.03],
			"id": 152,
			"label": "RemicNumber_Value",
			"text": "47-1287917",
			"words": [{
					"box": [744.65,311.00,873.68,341.03],
					"text": "47-1287917"
				}]
		},
		{
			"box": [744.65,346.00,1204.67,378.97],
			"id": 153,
			"label": "RemicName_Label",
			"text": "REMIC's name, address, and ZIP code",
			"words": [{
					"box": [755.66,348.03,851.68,378.97],
					"text": "REMIC's"
				}, {
					"box": [850.66,347.03,920.70,377.97],
					"text": "name,"
				}, {
					"box": [919.66,348.03,1011.66,378.97],
					"text": "address,"
				}, {
					"box": [1012.66,347.03,1058.70,377.97],
					"text": "and"
				}, {
					"box": [1056.66,346.03,1099.70,376.97],
					"text": "ZIP"
				}, {
					"box": [1099.66,346.03,1153.63,376.97],
					"text": "code"
				}]
		},
		{
			"box": [745.66,404.03,1039.66,441.97],
			"id": 154,
			"label": "RemicName_Value",
			"text": "CMLT 2014-6 REMIC 3A",
			"words": [{
					"box": [745.66,404.03,811.69,441.97],
					"text": "CMLT"
				}, {
					"box": [812.66,403.03,888.65,440.97],
					"text": "2014-6"
				}, {
					"box": [887.66,404.03,965.66,441.97],
					"text": "REMIC"
				}, {
					"box": [965.66,406.03,1004.70,443.97],
					"text": "3A"
				}]
		},
		{
			"box": [63.67,1312.03,1152.67,1360.30],
			"id": 155,
			"label": "Line1B_Label",
			"text": "b Your share of the taxable income (net loss) for the calendar quarter . . . . . . . . . . . . . .",
			"words": [{
					"box": [63.67,1312.03,104.70,1360.30],
					"text": "b"
				}, {
					"box": [105.67,1314.98,162.65,1360.30],
					"text": "Your"
				}, {
					"box": [161.67,1314.98,225.66,1360.30],
					"text": "share"
				}, {
					"box": [224.67,1319.98,251.71,1365.30],
					"text": "of"
				}, {
					"box": [250.67,1316.98,288.64,1362.30],
					"text": "the"
				}, {
					"box": [286.67,1315.98,366.66,1361.30],
					"text": "taxable"
				}, {
					"box": [367.67,1315.98,447.66,1361.30],
					"text": "income"
				}, {
					"box": [446.67,1316.98,491.69,1362.30],
					"text": "(net"
				}, {
					"box": [491.67,1315.98,546.65,1361.30],
					"text": "loss)"
				}, {
					"box": [546.67,1317.98,579.73,1363.30],
					"text": "for"
				}, {
					"box": [579.67,1317.98,617.70,1363.30],
					"text": "the"
				}, {
					"box": [615.67,1319.98,709.69,1365.30],
					"text": "calendar"
				}, {
					"box": [709.67,1319.98,796.69,1365.30],
					"text": "quarter"
				}]
		}, 
		{
			"box": [1159.67,1296.02,1431.68,1353.30],
			"id": 156,
			"label": "Line1B_Value",
			"text": "1b -",
			"words": [{
					"box": [1159.67,1296.02,1216.65,1353.30],
					"text": "1b"
				}, {
					"box": [1222.67,1296.02,1431.67,1353.30],
					"text": "-"
				}]
		}
		]
}