{
	"form": 
	[
		{
			"box": [357.00,169.00,660.68,203.03],
			"id": 125,
			"label": "Period_Label",
			"text": "For calendar quarter ended",
			"words": [{
					"box": [359.00,167.00,401.74,202.97],
					"text": "For"
				}, {
					"box": [402.00,167.00,500.66,202.97],
					"text": "calendar"
				}, {
					"box": [502.00,169.00,584.66,204.97],
					"text": "quarter"
				}, {
					"box": [584.00,169.00,658.69,204.97],
					"text": "ended"
				}]
		}, 
		{
			"box": [659.00,169.00,1153.67,204.97],
			"id": 126,
			"label": "Period_Value",
			"text": "March 31, 2022",
			"words": [{
					"box": [826.66,169.00,894.67,204.97],
					"text": "March"
				}, {
					"box": [894.66,168.00,932.70,203.97],
					"text": "31,"
				}, {
					"box": [930.66,168.00,990.65,203.97],
					"text": "2022"
				}]
		}, 
		{
			"box": [758.68,267.96,1064.67,294.04],
			"id": 127,
			"label": "RemicNumber_Label",
			"text": "REMIC's identifying number",
			"words": [{
					"box": [757.68,266.96,838.70,293.04],
					"text": "REMIC's"
				}, {
					"box": [839.68,266.96,932.66,293.04],
					"text": "identifying"
				}, {
					"box": [932.68,266.96,1025.66,293.04],
					"text": "number"
				}]
		}, 
		{
			"box": [753.68,294.96,1083.66,324.97],
			"id": 128,
			"label": "RemicNumber_Value",
			"text": "27-0532273",
			"words": [{
					"box": [753.68,294.96,1083.66,324.97],
					"text": "27-0532273"
				}]
		}, 
		{
			"box": [755.68,322.96,1189.67,352.97],
			"id": 129,
			"label": "RemicName_Label",
			"text": "REMIC's name, address, and ZIP code",
			"words": [{
					"box": [755.68,322.96,837.70,352.97],
					"text": "REMIC's"
				}, {
					"box": [836.68,325.96,889.71,355.97],
					"text": "name,"
				}, {
					"box": [889.68,324.96,962.66,354.97],
					"text": "address,"
				}, {
					"box": [963.00,325.00,997.70,352.04],
					"text": "and"
				}, {
					"box": [996.00,324.00,1028.70,352.93],
					"text": "ZIP"
				}, {
					"box": [1029.00,325.00,1072.72,353.93],
					"text": "code"
				}]
		},
		{
			"box": [755.00,354.00,1431.67,386.97],
			"id": 130,
			"label": "RemicName_Value",
			"text": "CITIGROUP MLT RESECURITIZATION TRUST CERTS 2009-6",
			"words": [{
					"box": [755.00,354.00,886.68,386.97],
					"text": "CITIGROUP"
				}, {
					"box": [885.00,353.00,938.69,385.97],
					"text": "MLT"
				}, {
					"box": [940.00,352.00,1164.67,384.97],
					"text": "RESECURITIZATION"
				}, {
					"box": [1164.00,355.00,1244.68,387.97],
					"text": "TRUST"
				}, {
					"box": [1245.00,354.00,1325.68,386.97],
					"text": "CERTS"
				}, {
					"box": [1327.00,355.00,1425.66,387.97],
					"text": "2009-6"
				}]
		}, 
		{
			"box": [93.00,1238.93,1197.67,1279.98],
			"id": 131,
			"label": "Line1B_Label",
			"text": "b Your share of the taxable income (net loss) for the calendar quarter . . . . . . . . . . . . . .",
			"words": [{
					"box": [102.65,1238.93,158.69,1279.98],
					"text": "b"
				}, {
					"box": [155.65,1239.93,211.62,1280.98],
					"text": "Your"
				}, {
					"box": [210.65,1240.93,273.64,1281.98],
					"text": "share"
				}, {
					"box": [274.65,1242.93,298.71,1283.98],
					"text": "of"
				}, {
					"box": [297.65,1242.93,335.70,1283.98],
					"text": "the"
				}, {
					"box": [334.65,1240.93,413.68,1281.98],
					"text": "taxable"
				}, {
					"box": [414.65,1241.93,493.68,1282.98],
					"text": "income"
				}, {
					"box": [492.65,1242.93,538.65,1283.98],
					"text": "(net"
				}, {
					"box": [538.65,1240.93,593.61,1281.98],
					"text": "loss)"
				}, {
					"box": [591.65,1239.93,625.73,1280.98],
					"text": "for"
				}, {
					"box": [624.65,1238.93,661.64,1279.98],
					"text": "the"
				}, {
					"box": [662.65,1238.93,754.68,1279.98],
					"text": "calendar"
				}, {
					"box": [754.65,1240.93,840.68,1281.98],
					"text": "quarter"
				}]
		},
		{
			"box": [1205.65,1216.93,1432.66,1274.98],
			"id": 132,
			"label": "Line1B_Value",
			"text": "1b (203,073.25)",
			"words": [{
					"box": [1207.69,1218.04,1257.69,1274.98],
					"text": "1b"
				}, {
					"box": [1262.69,1216.04,1432.67,1272.98],
					"text": "(203,073.25)"
				}]
		}	
		]
}