{
	"form": 
	[
		{
			"box": [551.00,297.00,847.68,338.02],
			"id": 181,
			"label": "Period_Label",
			"text": "For calendar quarter ended",
			"words": [{
					"box": [557.00,303.00,599.72,329.04],
					"text": "For"
				}, {
					"box": [602.00,303.01,694.66,330.00],
					"text": "calendar"
				}, {
					"box": [698.00,304.00,776.68,330.04],
					"text": "quarter"
				}, {
					"box": [780.00,305.00,845.69,329.96],
					"text": "ended"
				}]
		},
		{
			"box": [847.68,299.00,1003.70,337.03],
			"id": 182,
			"label": "Period_Value",
			"text": "June 30, 2022",
			"words": [{
					"box": [850.00,305.00,902.67,331.92],
					"text": "June"
				},{
					"box": [905.67,304.00,939.61,331.00],
					"text": "30,"
				},{
					"box": [941.68,303.00,994.65,332.00],
					"text": "2022"
				}]
		},
		{
			"box": [737.00,415.00,1009.68,448.03],
			"id": 183,
			"label": "RemicNumber_Label",
			"text": "REMIC's identifying number",
			"words": [{
					"box": [742.00,418.00,822.66,444.04],
					"text": "REMIC's"
				}, {
					"box": [825.00,418.00,925.67,446.06],
					"text": "identifying"
				}, {
					"box": [928.00,417.00,1003.64,445.03],
					"text": "number"
				}]
		}, 
		{
			"box": [757.00,451.00,877.68,477.07],
			"id": 184,
			"label": "RemicNumber_Value",
			"text": "52-2365557",
			"words": [{
					"box": [757.00,451.00,877.68,477.07],
					"text": "52-2365557"
				}]
		}, 
		{
			"box": [733.00,488.00,1088.67,521.97],
			"id": 185,
			"label": "RemicName_Label",
			"text": "REMIC's name, address, and ZIP code",
			"words": [{
					"box": [736.00,491.00,818.68,515.11],
					"text": "REMIC's"
				}, {
					"box": [821.00,492.00,876.69,517.04],
					"text": "name,"
				}, {
					"box": [879.00,491.99,956.70,516.04],
					"text": "address,"
				}, {
					"box": [958.68,491.00,992.64,516.07],
					"text": "and"
				}, {
					"box": [993.68,491.00,1027.67,516.10],
					"text": "ZIP"
				}, {
					"box": [1031.00,491.00,1078.69,517.13],
					"text": "code"
				}]
		},
		{
			"box": [757.00,525.00,1101.67,554.09],
			"id": 186,
			"label": "RemicName_Value",
			"text": "First Franklin Mortgage Loan Trust",
			"words": [{
					"box": [760.68,530.00,807.69,549.94],
					"text": "First"
				}, {
					"box": [809.68,530.01,889.66,550.95],
					"text": "Franklin"
				}, {
					"box": [891.68,528.00,981.68,552.04],
					"text": "Mortgage"
				}, {
					"box": [982.68,529.00,1030.69,551.05],
					"text": "Loan"
				},{
					"box": [1033.00,528.00,1089.65,551.96],
					"text": "Trust"
				}]
		}, 
		{
			"box": [108.00,1363.00,1134.67,1416.00],
			"id": 187,
			"label": "Line1B_Label",
			"text": "b Your share of the taxable income (net loss) for the calendar quarter _______________________________",
			"words": [{
					"box": [113.00,1367.00,140.63,1408.05],
					"text": "b"
				}, {
					"box": [144.00,1367.00,187.69,1409.02],
					"text": "Your"
				}, {
					"box": [191.00,1369.99,240.69,1411.02],
					"text": "share"
				}, {
					"box": [243.00,1369.00,263.57,1411.02],
					"text": "of"
				}, {
					"box": [265.00,1369.00,293.64,1411.98],
					"text": "the"
				}, {
					"box": [296.00,1370.00,362.69,1412.02],
					"text": "taxable"
				}, {
					"box": [365.00,1369.00,429.69,1412.04],
					"text": "income"
				}, {
					"box": [433.00,1369.00,469.64,1412.95],
					"text": "(net"
				}, {
					"box": [471.00,1368.00,514.69,1414.02],
					"text": "loss)"
				}, {
					"box": [517.00,1370.00,541.63,1413.98],
					"text": "for"
				}, {
					"box": [544.00,1370.00,573.67,1412.02],
					"text": "the"
				}, {
					"box": [577.00,1371.00,653.66,1411.02],
					"text": "calendar"
				}, {
					"box": [655.68,1372.98,722.66,1411.00],
					"text": "quarter"
				}]
		},
		{
			"box": [1138.68,1361.00,1397.67,1402.98],
			"id": 188,
			"label": "Line1B_Value",
			"text": "1b 0",
			"words": [{
					"box": [1140.68,1363.01,1182.65,1402.02],
					"text": "1b"
				}, {
					"box": [1186.68,1361.00,1395.68,1400.97],
					"text": "0"
				}]
		}
	]
}