{
	"form": 
	[
		{
			"box": [416.00,167.00,692.78,209.02],
			"id": 173,
			"label": "Period_Label",
			"text": "For calendar quarter ended",
			"words": [{
					"box": [425.75,170.00,462.80,200.97],
					"text": "For"
				}, {
					"box": [462.75,170.00,544.77,200.97],
					"text": "calendar"
				}, {
					"box": [543.75,171.00,614.78,201.97],
					"text": "quarter"
				}, {
					"box": [614.75,171.00,680.80,201.97],
					"text": "ended"
				}]
		},
		{
			"box": [696.78,164.00,1064.78,203.02],
			"id": 174,
			"label": "Period_Value",
			"text": "March 31 ,20 22",
			"words": [{
					"box": [698.78,166.00,941.78,205.02],
					"text": "March 31"
				},{
					"box": [939.78,164.97,988.80,202.02],
					"text": ",20"
				},{
					"box": [988.78,165.97,1045.76,203.02],
					"text": "22"
				}]
		}, 
		{
			"box": [757.78,269.97,1023.78,297.04],
			"id": 175,
			"label": "RemicNumber_Label",
			"text": "REMIC’s identifying number",
			"words": [{
					"box": [757.78,269.97,829.77,297.04],
					"text": "REMIC’s"
				}, {
					"box": [829.78,267.97,918.77,295.04],
					"text": "identifying"
				}, {
					"box": [918.78,267.97,986.80,295.04],
					"text": "number"
				}]
		},
		{
			"box": [759.78,293.97,1031.77,325.97],
			"id": 176,
			"label": "RemicNumber_Value",
			"text": "13 4179125",
			"words": [{
					"box": [760.79,293.97,853.79,325.97],
					"text": "13"
				},{
					"box": [849.79,294.97,963.75,326.97],
					"text": "4179125"
				}]
		},
		{
			"box": [757.79,330.97,1076.78,352.05],
			"id": 177,
			"label": "RemicName_Label",
			"text": "REMIC’s name, address, and ZIP code",
			"words": [{
					"box": [757.79,330.97,824.80,352.05],
					"text": "REMIC’s"
				}, {
					"box": [823.79,331.97,873.80,353.05],
					"text": "name,"
				}, {
					"box": [873.79,330.97,936.77,352.05],
					"text": "address,"
				}, {
					"box": [936.79,329.97,968.81,351.05],
					"text": "and"
				}, {
					"box": [967.79,328.97,995.78,350.05],
					"text": "ZIP"
				}, {
					"box": [995.79,329.97,1036.75,351.05],
					"text": "code"
				}]
		}, 
		{
			"box": [755.79,350.97,1449.78,375.96],
			"id": 178,
			"label": "RemicName_Value",
			"text": "Structured Asset Securities Corporation Mortgage Pass-Through Certificates,",
			"words": [{
					"box": [755.79,350.97,854.79,375.96],
					"text": "Structured"
				}, {
					"box": [855.79,350.97,908.80,375.96],
					"text": "Asset"
				}, {
					"box": [907.79,350.97,998.77,375.96],
					"text": "Securities"
				}, {
					"box": [998.79,349.97,1111.77,374.96],
					"text": "Corporation"
				},{
					"box": [1110.79,349.97,1203.77,374.96],
					"text": "Mortgage"
				},{
					"box": [1204.79,350.97,1331.77,375.96],
					"text": "Pass-Through"
				},{
					"box": [1330.79,348.97,1457.77,373.96],
					"text": "Certificates,"
				}]
		},
		{
			"box": [109.79,1199.97,1163.78,1233.94],
			"id": 179,
			"label": "Line1B_Label",
			"text": "b Your share of the taxable income (net loss) for the calendar quarter ............",
			"words": [{
					"box": [103.79,1198.97,152.72,1232.94],
					"text": "b"
				}, {
					"box": [154.79,1197.97,208.74,1231.94],
					"text": "Your"
				}, {
					"box": [207.79,1198.97,263.76,1232.94],
					"text": "share"
				}, {
					"box": [263.79,1199.97,287.82,1233.94],
					"text": "of"
				}, {
					"box": [287.79,1199.97,321.81,1233.94],
					"text": "the"
				}, {
					"box": [321.79,1200.97,397.77,1234.94],
					"text": "taxable"
				}, {
					"box": [397.79,1199.97,473.77,1233.94],
					"text": "income"
				}, {
					"box": [472.79,1201.97,514.80,1235.94],
					"text": "(net"
				}, {
					"box": [513.79,1199.97,559.76,1233.94],
					"text": "loss)"
				}, {
					"box": [560.79,1200.97,591.78,1234.94],
					"text": "for"
				}, {
					"box": [592.79,1197.97,628.75,1231.94],
					"text": "the"
				}, {
					"box": [627.79,1199.97,715.75,1233.94],
					"text": "calendar"
				}, {
					"box": [712.79,1199.97,800.75,1233.94],
					"text": "quarter"
				}]
		}, 
		{
			"box": [1172.79,1171.97,1435.78,1228.02],
			"id": 180,
			"label": "Line1B_Value",
			"text": "1b 9",
			"words": [{
					"box": [1172.79,1171.97,1219.78,1228.02],
					"text": "1b"
				}, {
					"box": [1225.79,1171.97,1433.78,1228.02],
					"text": "9"
				}]
		}		
		]
}