{
	"form": [{

			"id": 517,
			"text": "For calendar quarter ended",
			"box": [
				548.96, 285.95, 831.95, 317.15
			],
			"label": "Period_Label",
			"words": [{
					"text": "For",
					"box": [
						546.96, 290.95, 586.03, 322.77
					]
				},
				{
					"text": "calendar",
					"box": [
						589.95, 288.95, 681.97, 320.77
					]
				},
				{
					"text": "quarter",
					"box": [
						682.94, 290.95, 761.95, 322.77
					]
				},
				{
					"text": "ended",
					"box": [
						764.94, 290.95, 829.97, 322.77
					]
				}
			]
		},
		{
			"id": 518,
			"text": "March 31, 2022",
			"box": [
				832.93, 288.95, 997.91, 320.77
			],
			"label": "Period_Value",
			"words": [{
					"text": "March",
					"box": [
						832.93, 288.95, 898.94, 320.77
					]
				},
				{
					"text": "31,",
					"box": [
						899.92, 291.72, 934.92, 319.77
					]
				},
				{
					"text": "2022",
					"box": [
						899.92, 291.72, 934.92, 319.77
					]
				}
			]
		},
		{
			"id": 519,
			"text": "REMIC's identifying number",
			"box": [
				736.94, 407.69, 997.93, 435.74
			],
			"label": "RemicNumber_Label",
			"words": [{
					"text": "REMIC's",
					"box": [
						736.94, 407.69, 813.95, 435.74
					]
				},
				{
					"text": "identifying",
					"box": [
						816.93, 408.69, 913.95, 436.74
					]
				},
				{
					"text": "number",
					"box": [
						919.92, 409.69, 997.94, 437.74
					]
				}
			]
		},
		{
			"id": 520,
			"text": "54-2198569",
			"box": [
				757.94, 435.91, 863.95, 458.72
			],
			"label": "RemicNumber_Value",
			"words": [{
				"text": "54-2198569",
				"box": [757.94, 435.91, 863.95, 458.72]
			}]
		},
		{
			"id": 521,
			"text": "REMIC's name, address, and ZIP code",
			"box": [
				733.97, 478.67, 1073.93, 506.72
			],
			"label": "RemicName_Label",
			"words": [{
					"text": "REMIC's",
					"box": [
						733.97, 475.67, 808.95, 503.72
					]
				},
				{
					"text": "name,",
					"box": [
						812.96, 482.62, 866.97, 502.62
					]
				},
				{
					"text": "address,",
					"box": [
						870.95, 479.59, 945.93, 503.62
					]
				},
				{
					"text": "and",
					"box": [
						949.95, 476.59, 985.97, 500.62
					]
				},
				{
					"text": "ZIP",
					"box": [
						986.94, 478.59, 1019.97, 502.62
					]
				},
				{
					"text": "code",
					"box": [
						1023.94, 478.59, 1067.91, 502.62
					]
				}
			]

		},
		{
			"id": 522,
			"text": "SG Mortgage Securities Trust",
			"box": [
				759.94, 511.89, 1037.94, 534.70
			],
			"label": "RemicName_Value",
			"words": [{
					"text": "SG",
					"box": [
						761.94, 513.89, 792.93, 536.70
					]
				},
				{
					"text": "Mortgage",
					"box": [
						793.93, 512.89, 880.97, 535.70
					]
				},
				{
					"text": "Securities",
					"box": [
						886.93, 511.89, 973.96, 534.70
					]
				},
				{
					"text": "Trust",
					"box": [
						981.92, 511.89, 1037.96, 534.70
					]
				}
			]
		},
		{
			"id": 523,
			"text": "b Your share of the taxable income (net loss) for the calendar quarter_______________________________",
			"box": [
				117.16, 1373.66, 1125.93, 1400.02
			],
			"label": "Line1B_Label",
			"words": [{
					"text": "b",
					"box": [
						117.16, 1373.66, 141.06, 1400.02
					]
				},
				{
					"text": "Your",
					"box": [
						144.16, 1368.66, 190.00, 1396.02
					]
				},
				{
					"text": "share",
					"box": [
						190.15, 1370.66, 242.01, 1398.02
					]
				},
				{
					"text": "of",
					"box": [
						242.15, 1370.66, 265.01, 1398.02
					]
				},
				{
					"text": "the",
					"box": [
						267.14, 1369.66, 293.97, 1397.02
					]
				}, {
					"text": "taxable",
					"box": [
						295.14, 1370.66, 360.02, 1398.02
					]
				},
				{
					"text": "income",
					"box": [
						365.13, 1370.66, 433.98, 1398.02
					]
				},
				{
					"text": "(net",
					"box": [
						433.13, 1369.66, 468.02, 1397.02
					]
				},
				{
					"text": "loss)",
					"box": [
						471.12, 1368.66, 511.96, 1396.02
					]
				},
				{
					"text": "for",
					"box": [
						515.12, 1370.66, 543.05, 1398.02
					]
				},
				{
					"text": "the",
					"box": [
						545.12, 1368.66, 571.02, 1396.02
					]
				},
				{
					"text": "calendar",
					"box": [
						576.11, 1371.66, 655.99, 1399.02
					]
				},
				{
					"text": "quater",
					"box": [
						656.11, 1373.66, 721.97, 1401.02
					]
				}
			]
		},
		{
			"id": 524,
			"text": "1b   240,045",
			"box": [
				1142.72, 1350.66, 1386.71, 1380.03
			],
			"label": "Line1B_Value",
			"words": [{
					"text": "1b",
					"box": [
						1142.52, 1364.66, 1177.55, 1392.03
					]
				},
				{
					"text": "240,045",
					"box": [
						1191.90, 1350.66, 1386.71, 1380.03
					]
				}
			]
		}
	]
}