{
    "form": [
        {
            "id": 1,
            "text": "For calendar quarter ended",
            "box": [100.00,100.00,300.00,200.00],
            "label": "Period_Label",
            "words": [
                {
                    "text": "For",
                    "box": [376.00,235.77,412.06,266.69]
                },
                {
                    "text": "calendar",
                    "box": [415.00,244.96,499.05,266.73]
                },
                {
                    "text": "quarter",
                    "box": [500.00,245.96,567.02,266.78]
                },
                {
                    "text": "ended",
                    "box": [570.00,241.96,630.52,268.77]
                }
            ]
        },
        {
            "id": 2,
            "text": "December 31, 2022",
            "box": [662.00,244.96,1180.02,265.55],
            "label": "Period_Value",
            "words": [
                {
                    "text": "December",
                    "box": [808.84,237.96,902.84,261.58]
                },
                {
                    "text": "31,",
                    "box": [901.84,237.96,933.87,261.58]
                },
                {
                    "text": "2022",
                    "box": [937.84,238.96,982.88,262.58]
                }
            ]
        },
        {
            "id": 3,
            "text": "REMIC's Identifying number",
            "box": [806.84,329.94,1010.84,353.56],
            "label": "RemicNumber_Label",
            "words": [
                {
                    "text": "REMIC's",
                    "box": [806.84,329.94,870.84,353.56]
                },
                {
                    "text": "Identifying",
                    "box": [874.84,329.94,950.84,353.56]
                },
                {
                    "text": "number",
                    "box": [949.84,331.94,1006.84,355.56]
                }
            ]
        },
        {
            "id": 4,
            "text": "52-1848585",
            "box": [805.84,355.75,1408.83,379.75],
            "label": "RemicNumber_Value",
        },
        {
            "id": 5,
            "text": "REMIC's name, address, and ZIP code",
            "box": [807.84,386.74,1101.10,407.73],
            "label": "RemicName_Label",
            "words": [
                {
                    "text": "REMIC's",
                    "box": [807.84,386.74,869.85,407.73]
                },
                {
                    "text": "name,",
                    "box": [870.84,387.74,915.82,408.73]
                },
                {
                    "text": "address",
                    "box": [914.84,387.74,972.84,408.73]
                },                
				{
                    "text": "and",
                    "box": [974.84,387.74,1003.80,405.74]
                },
                {
                    "text": "ZIP",
                    "box": [1002.84,386.74,1031.80,404.75]
                },
                {
                    "text": "code",
                    "box": [1029.84,388.74,1066.81,406.74]
                }
            ]
        },
		{
            "id": 6,
            "text": "FANNIE MAE",
            "box": [799.84,413.74,1414.63,435.64],
            "label": "RemicName_Value",
            "words": [
                {
                    "text": "FANNIE",
                    "box": [799.84,413.74,873.62,435.64]
                },
                {
                    "text": "MAE",
                    "box": [871.84,413.74,924.66,435.64]
                }
            ]
        },
        {
            "id": 7,
            "text": "b Your share of the taxable income (net loss) for the calendar quarter",
            "box": [138.00,1262.70,745.04,1297.23],
            "label": "Line1B_Label",
            "words": [
                {
                    "text": "b",
                    "box": [138.00,1262.70,161.08,1297.23]
                },
                {
                    "text": "Your",
                    "box": [172.00,1262.70,215.01,1297.23]
                },
                {
                    "text": "share",
                    "box": [218.00,1263.70,268.06,1298.23]
                },                
				{
                    "text": "of",
                    "box": [269.00,1266.69,291.08,1301.23]
                },
                {
                    "text": "the",
                    "box": [293.00,1267.69,322.04,1302.23]
                },
                {
                    "text": "taxable",
                    "box": [325.00,1265.70,390.02,1300.23]
                },
                {
                    "text": "income",
                    "box": [390.00,1266.69,455.02,1301.23]
                },
				{
                    "text": "(net",
                    "box": [457.00,1267.69,495.06,1302.23]
                },
                {
                    "text": "loss)",
                    "box": [495.00,1265.70,536.06,1300.23]
                },
                {
                    "text": "for",
                    "box": [539.00,1265.70,568.00,1300.23]
                },                
				{
                    "text": "the",
                    "box": [569.00,1266.69,598.00,1301.23]
                },
                {
                    "text": "calendar",
                    "box": [601.00,1262.70,680.02,1297.23]
                },
                {
                    "text": "quarter",
                    "box": [677.00,1263.70,756.02,1298.23]
                }
            ]
        },
        {
            "id": 8,
            "text": "1b 4",
            "box": [1207.00,1263.31,1412.83,1288.23],
            "label": "Line1B_Value",
            "words": [
                {
                    "text": "1b",
                    "box": [1208.00,1261.31,1245.81,1286.23]
                },
                {
                    "text": "4",
                    "box": [1256.00,1263.27,1408.83,1286.23]
                }
            ]
        }
        
    ]
}