{
    "form": [
        {
            "id": 9,
            "text": "For calendar quarter ended",
            "box": [375.00,239.96,628.84,263.69],
            "label": "Period_Label",
            "words": [
                {
                    "text": "For",
                    "box": [375.00,239.96,414.84,263.69]
                },
                {
                    "text": "calendar",
                    "box": [414.00,241.96,495.85,265.69]
                },
                {
                    "text": "quarter",
                    "box": [498.00,242.96,569.82,266.69]
                },
                {
                    "text": "ended",
                    "box": [570.00,241.96,627.85,265.69]
                }
            ]
        },
        {
            "id": 10,
            "text": "December 31, 2022",
            "box": [635.00,236.96,1156.24,260.69],
            "label": "Period_Value",
            "words": [
                {
                    "text": "December",
                    "box": [812.00,235.96,902.85,259.69]
                },
                {
                    "text": "31,",
                    "box": [903.00,235.96,932.87,259.69]
                },
                {
                    "text": "2022",
                    "box": [936.00,235.96,979.81,259.69]
                }
            ]
        },
        {
            "id": 11,
            "text": "REMIC's Identifying number",
            "box": [805.00,328.94,1012.83,349.46],
            "label": "RemicNumber_Label",
            "words": [
                {
                    "text": "REMIC's",
                    "box": [805.00,328.94,869.85,349.46]
                },
                {
                    "text": "Identifying",
                    "box": [870.00,330.94,946.85,351.46]
                },
                {
                    "text": "number",
                    "box": [949.00,331.94,1012.44,348.88]
                }
            ]
        },
        {
            "id": 12,
            "text": "52-1857938",
            "box": [811.84,358.93,1415.64,379.50],
            "label": "RemicNumber_Value",
			"words": [
                {
                    "text": "54-2154121",
                    "box": [811.84,358.93,1415.64,379.50]
                }
            ]
        },
        {
            "id": 13,
            "text": "REMIC's name, address, and ZIP code",
            "box": [802.84,384.93,1071.64,405.49],
            "label": "RemicName_Label",
            "words": [
                {
                    "text": "REMIC's",
                    "box": [802.84,384.93,867.64,405.49]
                },
                {
                    "text": "name,",
                    "box": [867.84,386.92,913.62,407.49]
                },
                {
                    "text": "address",
                    "box": [911.84,386.92,972.62,407.49]
                },                
				{
                    "text": "and",
                    "box": [973.84,385.93,1003.64,406.49]
                },
                {
                    "text": "ZIP",
                    "box": [1003.84,386.92,1028.68,407.49]
                },
                {
                    "text": "code",
                    "box": [1029.84,387.92,1065.61,408.49]
                }
            ]
        },
		{
            "id": 14,
            "text": "FANNIE MAE",
            "box": [796.84,412.92,1408.64,433.48],
            "label": "RemicName_Value",
            "words": [
                {
                    "text": "FANNIE",
                    "box": [798.84,411.92,873.62,432.48]
                },
                {
                    "text": "MAE",
                    "box": [872.84,412.92,922.66,433.48]
                }
            ]
        },
        {
            "id": 15,
            "text": "b Your share of the taxable income (net loss) for the calendar quarter",
            "box": [134.84,1267.69,746.04,1291.53],
            "label": "Line1B_Label",
            "words": [
                {
                    "text": "b",
                    "box": [135.84,1267.69,170.04,1291.53]
                },
                {
                    "text": "Your",
                    "box": [169.84,1267.69,215.06,1291.53]
                },
                {
                    "text": "share",
                    "box": [217.84,1266.69,268.02,1290.53]
                },                
				{
                    "text": "of",
                    "box": [268.84,1268.69,291.99,1292.53]
                },
                {
                    "text": "the",
                    "box": [289.84,1266.69,322.04,1290.53]
                },
                {
                    "text": "taxable",
                    "box": [320.84,1266.69,388.02,1290.53]
                },
                {
                    "text": "income",
                    "box": [388.84,1266.69,456.02,1290.53]
                },
				{
                    "text": "(net",
                    "box": [456.84,1269.69,494.06,1293.53]
                },
                {
                    "text": "loss)",
                    "box": [493.84,1268.69,536.06,1292.53]
                },
                {
                    "text": "for",
                    "box": [539.84,1268.69,566.00,1292.53]
                },                
				{
                    "text": "the",
                    "box": [567.84,1268.69,598.00,1292.53]
                },
                {
                    "text": "calendar",
                    "box": [598.84,1268.69,676.05,1292.53]
                },
                {
                    "text": "quarter",
                    "box": [678.84,1268.69,756.05,1292.53]
                }
            ]
        },
        {
            "id": 16,
            "text": "1b 3",
            "box": [1209.84,1261.70,1411.63,1285.53],
            "label": "Line1B_Value",
            "words": [
                {
                    "text": "1b",
                    "box": [1209.84,1261.70,1246.66,1285.53]
                },
                {
                    "text": "3",
                    "box": [1255.84,1261.70,1413.63,1285.53]
                }
            ]
        }
        
    ]
}