{
    "form": [
        {
            "id": 17,
            "text": "For calendar quarter ended",
            "box": [372.00,236.96,633.83,260.73],
            "label": "Period_Label",
            "words": [
                {
                    "text": "For",
                    "box": [372.00,236.96,411.86,260.73]
                },
                {
                    "text": "calendar",
                    "box": [411.00,239.96,495.83,263.73]
                },
                {
                    "text": "quarter",
                    "box": [496.00,239.96,567.82,263.73]
                },
                {
                    "text": "ended",
                    "box": [567.00,238.96,627.82,262.73]
                }
            ]
        },
        {
            "id": 18,
            "text": "December 31, 2022",
            "box": [632.00,235.96,1156.84,259.73],
            "label": "Period_Value",
            "words": [
                {
                    "text": "December",
                    "box": [806.84,235.96,897.85,259.73]
                },
                {
                    "text": "31,",
                    "box": [898.84,236.96,929.87,260.73]
                },
                {
                    "text": "2022",
                    "box": [932.84,234.96,979.82,258.73]
                }
            ]
        },
        {
            "id": 19,
            "text": "REMIC's Identifying number",
            "box": [799.84,330.94,1005.84,351.51],
            "label": "RemicNumber_Label",
            "words": [
                {
                    "text": "REMIC's",
                    "box": [799.84,330.94,866.84,351.51]
                },
                {
                    "text": "Identifying",
                    "box": [867.84,327.94,945.82,348.51]
                },
                {
                    "text": "number",
                    "box": [945.84,328.94,1007.82,349.51]
                }
            ]
        },
        {
            "id": 20,
            "text": "52-1852841",
            "box": [807.84,354.93,1412.44,377.54],
            "label": "RemicNumber_Value",
        },
        {
            "id": 21,
            "text": "REMIC's name, address, and ZIP code",
            "box": [800.84,383.93,1066.44,405.45],
            "label": "RemicName_Label",
            "words": [
                {
                    "text": "REMIC's",
                    "box": [800.84,383.93,865.47,405.45]
                },
                {
                    "text": "name,",
                    "box": [864.84,385.93,910.46,403.55]
                },
                {
                    "text": "address",
                    "box": [910.84,384.93,971.45,402.55]
                },                
				{
                    "text": "and",
                    "box": [969.84,385.93,1000.44,403.55]
                },
                {
                    "text": "ZIP",
                    "box": [1000.84,385.93,1025.40,403.55]
                },
                {
                    "text": "code",
                    "box": [1027.84,386.92,1065.41,404.55]
                }
            ]
        },
		{
            "id": 22,
            "text": "FANNIE MAE",
            "box": [795.84,411.92,1405.44,434.44],
            "label": "RemicName_Value",
            "words": [
                {
                    "text": "FANNIE",
                    "box": [795.84,411.92,868.44,434.44]
                },
                {
                    "text": "MAE",
                    "box": [868.84,412.92,917.46,435.44]
                }
            ]
        },
        {
            "id": 23,
            "text": "b Your share of the taxable income (net loss) for the calendar quarter",
            "box": [135.84,1266.69,746.04,1295.26],
            "label": "Line1B_Label",
            "words": [
                {
                    "text": "b",
                    "box": [135.84,1266.69,162.04,1295.26]
                },
                {
                    "text": "Your",
                    "box": [164.84,1266.69,215.02,1295.26]
                },
                {
                    "text": "share",
                    "box": [214.84,1269.69,265.02,1298.26]
                },                
				{
                    "text": "of",
                    "box": [267.84,1268.69,290.04,1297.26]
                },
                {
                    "text": "the",
                    "box": [288.84,1267.69,321.01,1296.26]
                },
                {
                    "text": "taxable",
                    "box": [321.84,1269.69,386.04,1298.26]
                },
                {
                    "text": "income",
                    "box": [388.84,1269.69,453.04,1298.26]
                },
				{
                    "text": "(net",
                    "box": [453.84,1268.69,490.04,1297.26]
                },
                {
                    "text": "loss)",
                    "box": [491.84,1269.69,536.01,1298.26]
                },
                {
                    "text": "for",
                    "box": [535.84,1268.69,564.07,1297.26]
                },                
				{
                    "text": "the",
                    "box": [564.84,1267.69,598.04,1296.26]
                },
                {
                    "text": "calendar",
                    "box": [597.84,1267.69,676.02,1296.26]
                },
                {
                    "text": "quarter",
                    "box": [675.84,1267.69,751.05,1296.26]
                }
            ]
        },
        {
            "id": 24,
            "text": "1b 6",
            "box": [1209.84,1261.27,1411.04,1285.26],
            "label": "Line1B_Value",
            "words": [
                {
                    "text": "1b",
                    "box": [1209.84,1261.27,1242.01,1285.26]
                },
                {
                    "text": "6",
                    "box": [1251.84,1261.27,1407.03,1285.26]
                }
            ]
        }
        
    ]
}