{
	"form": [{

			"id": 549,
			"text": "For calendar quarter ended",
			"box": [
				360.00, 173.98, 656.44, 196.79
			],
			"label": "Period_Label",
			"words": [{
					"text": "For",
					"box": [
						360.00, 173.98, 400.44, 196.79
					]
				},
				{
					"text": "calendar",
					"box": [
						414.00, 178.98, 509.03, 206.78
					]
				},
				{
					"text": "quarter",
					"box": [
						510.00, 182.98, 590.06, 209.74
					]
				},
				{
					"text": "ended",
					"box": [
						590.00, 178.98, 659.05, 205.74
					]
				}
			]
		},
		{
			"id": 550,
			"text": "March 31, 2022",
			"box": [
				665.00, 172.98, 1144.44, 195.79
			],
			"label": "Period_Value",
			"words": [{
					"text": "March",
					"box": [
						826.03, 177.98, 893.05, 204.74
					]
				},
				{
					"text": "31,",
					"box": [
						894.03, 177.98, 926.04, 204.74
					]
				},
				{
					"text": "2022",
					"box": [
						929.03, 175.98, 988.02, 202.74
					]
				}
			]
		},
		{
			"id": 551,
			"text": "REMIC's identifying number",
			"box": [
				765.03, 284.95, 1003.03, 306.76
			],
			"label": "RemicNumber_Label",
			"words": [{
					"text": "REMIC's",
					"box": [
						765.03, 284.95, 838.05, 306.76
					]
				},
				{
					"text": "identifying",
					"box": [
						841.03, 284.95, 930.05, 304.77
					]
				},
				{
					"text": "number",
					"box": [
						932.03, 285.95, 1001.05, 305.77
					]
				}
			]
		},
		{
			"id": 552,
			"text": "54-2158251",
			"box": [
				759.03, 315.88, 883.03, 336.76
			],
			"label": "RemicNumber_Value"
		},
		{
			"id": 553,
			"text": "REMIC's name, address, and ZIP code",
			"box": [
				765.03, 347.87, 1074.03, 368.75
			],
			"label": "RemicName_Label",
			"words": [{
					"text": "REMIC's",
					"box": [
						765.03, 347.87, 835.05, 368.75
					]
				},
				{
					"text": "name,",
					"box": [
						837.03, 346.87, 888.02, 367.75
					]
				},
				{
					"text": "address,",
					"box": [
						889.03, 347.87, 959.05, 368.75
					]
				},
				{
					"text": "and",
					"box": [
						960.03, 347.87, 994.04, 368.75
					]
				},
				{
					"text": "ZIP",
					"box": [
						997.03, 346.87, 1027.10, 367.75
					]
				},
				{
					"text": "code",
					"box": [
						1026.03, 348.87, 1070.06, 369.75
					]
				}
			]

		},
		{
			"id": 554,
			"text": "WAMU MORTGAGE PASS THROUGH CERTS",
			"box": [
				760.00, 376.93, 1228.64, 403.69
			],
			"label": "RemicName_Value",
			"words": [{
					"text": "WAMU",
					"box": [
						760.00, 376.93, 831.64, 403.69
					]
				},
				{
					"text": "MORTGAGE",
					"box": [
						835.00, 376.93, 966.64, 403.69
					]
				},
				{
					"text": "PASS",
					"box": [
						967.00, 377.93, 1031.64, 404.69
					]
				},
				{
					"text": "THROUGH,",
					"box": [
						1034.00, 377.93, 1148.63, 404.69
					]
				},
				{
					"text": "CERTS,",
					"box": [
						1150.00, 375.93, 1232.65, 402.69
					]
				}

			]
		},
		{
			"id": 555,
			"text": "b Your share of the taxable income (net loss) for the calendar quarter_______________________________",
			"box": [
				139.03, 1335.61, 1185.04, 1360.00
			],
			"label": "Line1B_Label",
			"words": [{
					"text": "b",
					"box": [
						139.03, 1335.61, 160.00, 1360.00
					]
				},
				{
					"text": "Your",
					"box": [
						171.03, 1335.61, 222.04, 1360.00
					]
				},
				{
					"text": "share",
					"box": [
						222.03, 1335.61, 282.02, 1360.00
					]
				},
				{
					"text": "of",
					"box": [
						283.03, 1336.61, 307.08, 1361.00
					]
				},
				{
					"text": "the",
					"box": [
						309.03, 1335.61, 343.07, 1360.00
					]
				}, {
					"text": "taxable",
					"box": [
						345.03, 1336.61, 419.02, 1361.00
					]
				},
				{
					"text": "income",
					"box": [
						422.03, 1333.61, 496.02, 1358.00
					]
				},
				{
					"text": "(net",
					"box": [
						498.03, 1335.61, 540.01, 1360.00
					]
				},
				{
					"text": "loss)",
					"box": [
						543.03, 1336.61, 591.06, 1361.00
					]
				},
				{
					"text": "for",
					"box": [
						593.03, 1335.61, 625.07, 1360.00
					]
				},
				{
					"text": "the",
					"box": [
						627.03, 1335.61, 659.07, 1360.00
					]
				},
				{
					"text": "calendar",
					"box": [
						662.03, 1336.61, 752.03, 1361.00
					]
				},
				{
					"text": "quarter",
					"box": [
						754.03, 1337.61, 831.04, 1362.00
					]
				}
			]
		},
		{
			"id": 556,
			"text": "1b   (186,221.79)",
			"box": [
				1205.00, 1325.68, 1421.03, 1358.85
			],
			"label": "Line1B_Value",
			"words": [{
					"text": "1b",
					"box": [
						1207.03, 1332.61, 1242.84, 1357.00
					]
				},
				{
					"text": "(186,221.79)",
					"box": [
						1256.03, 1330.61, 1417.83, 1355.00
					]
				}
			]
		}
	]
}