{
    "form": [
        {
            "id": 1,
            "text": "For calendar quarter ended",
            "box": [422.90,167.99,697.82,199.83],
            "label": "Period_Label",
            "words": [
                {
                    "text": "For",
                    "box": [424.90,170.99,465.92,196.73]
                },
                {
                    "text": "calendar",
                    "box": [467.89,170.99,553.86,195.73]
                },
				{
                    "text": "quarter",
                    "box": [555.86,170.99,628.86,197.74]
                },{
                    "text": "ended",
                    "box": [630.84,170.99,693.86,194.82]
                }
            ]
        },
        {
            "id": 2,
            "text": "June 30 ,20 21",
            "box": [700.82,167.99,1049.71,198.74],
            "label": "Period_Value",
            "words": [
                {
                    "text": "June",
                    "box": [703.82,171.99,757.81,197.81]
                },
				{
                    "text": "30",
                    "box": [760.80,171.99,791.86,196.74]
                },
                {
                    "text": ",20",
                    "box": [944.74,170.99,999.75,195.81]
                },
				{
                    "text": "21",
                    "box": [1003.73,170.99,1044.94,196.81]
                }
            ]
        },
        {
            "id": 3,
            "text": "REMIC's identifying number",
            "box": [761.80,268.77,1004.33,291.80],
            "label": "RemicNumber_Label",
            "words": [
                {
                    "text": "REMIC's",
                    "box": [762.80,271.98,839.38,288.82]
                },
                {
                    "text": "identifying",
                    "box": [841.91,271.98,931.04,289.11]
                },
				{
                    "text": "number",
                    "box": [933.75,272.98,1000.89,288.42]
                }
            ]
        },
        {
            "id": 4,
            "text": "33 1183581",
            "box": [871.77,294.97,1023.23,325.12],
            "label": "RemicNumber_Value",
            "words": [
                {
                    "text": "33",
                    "box": [875.74,296.97,914.78,322.16]
                },
				{
                    "text": "1183581",
                    "box": [917.75,297.97,1019.43,320.86]
                }
            ]
        },
        {
            "id": 5,
            "text": "REMIC's name, address, and ZIP code",
            "box": [759.36,329.97,1079.26,353.86],
            "label": "RemicName_Label",
            "words": [
                {
                    "text": "REMIC's",
                    "box": [762.80,331.97,835.34,350.54]
                },
                {
                    "text": "name,",
                    "box": [837.78,332.97,888.67,349.88]
                },
				{
                    "text": "address,",
                    "box": [891.76,331.84,960.51,349.82]
                },
				{
                    "text": "and",
                    "box": [963.74,331.97,995.42,349.87]
                },
				{
                    "text": "ZIP",
                    "box": [997.73,331.97,1028.68,347.45]
                },
				{
                    "text": "code",
                    "box": [1030.72,331.97,1073.13,348.87]
                }
            ]
        },
        {
            "id": 6,
            "text": "Citigroup Mortgage Loan Trust, Inc.",
            "box": [792.79,354.97,1186.37,381.78],
            "label": "RemicName_Value",
            "words": [
                {
                    "text": "Citigroup",
                    "box": [794.79,356.97,896.79,380.44]
                },
                {
                    "text": "Mortgage",
                    "box": [899.76,356.97,1003.49,380.56]
                },  {
                    "text": "Loan",
                    "box": [1006.72,356.97,1062.67,378.53]
                },  {
                    "text": "Trust,",
                    "box": [1065.71,356.97,1131.93,379.77]
                },  {
                    "text": "Inc.",
                    "box": [1135.69,356.97,1178.77,378.49]
                }
            ]
        },
        {
            "id": 7,
            "text": "b Your share of the taxable income (net loss) for the calendar quarter...........",
            "box": [111.00,1186.86,1160.09,1240.62],
            "label": "Line1B_Label",
            "words": [
                {
                    "text": "b",
                    "box": [116.00,1190.86,149.02,1234.66]
                },
                {
                    "text": "Your",
                    "box": [153.98,1191.86,211.99,1233.66]
                },
				{
                    "text": "share",
                    "box": [213.97,1192.86,271.94,1233.59]
                },
				{
                    "text": "of",
                    "box": [273.95,1191.86,299.91,1234.64]
                },
				{
                    "text": "the",
                    "box": [302.94,1193.86,336.90,1233.64]
                },
				{
                    "text": "taxable",
                    "box": [339.93,1193.62,414.92,1234.64]
                },
				{
                    "text": "income",
                    "box": [417.90,1193.86,495.86,1233.61]
                },
				{
                    "text": "(net",
                    "box": [498.88,1194.86,538.92,1231.64]
                },
				{
                    "text": "loss)",
                    "box": [541.87,1194.63,592.88,1233.59]
                },
				{
                    "text": "for",
                    "box": [595.85,1194.86,625.81,1234.64]
                },
				{
                    "text": "the",
                    "box": [628.84,1195.86,664.86,1233.66]
                },
				{
                    "text": "calendar",
                    "box": [667.83,1195.86,757.81,1234.58]
                },
				{
                    "text": "quarter",
                    "box": [760.80,1195.86,837.81,1233.66]
                }
				
            ]
        },
        {
            "id": 8,
            "text": "1b -46,588 22",
            "box": [1169.68,1170.86,1440.00,1232.61],
            "label": "Line1B_Value",
            "words": [
                {
                    "text": "1b",
                    "box": [1171.67,1172.86,1222.07,1228.66]
                },
                {
                    "text": "-46,588",
                    "box": [1226.66,1172.86,1384.22,1228.66]
                },
				{
                    "text": "22",
                    "box": [1387.61,1172.86,1437.60,1227.66]
                }
            ]
        }
    ]
}