{
	"form": [{

			"id": 501,
			"text": "For calendar quarter ended",
			"box": [
				550.96, 295.95, 833.96, 321.11
			],
			"label": "Period_Label",
			"words": [{
					"text": "For",
					"box": [
						550.96, 296.95, 590.98, 322.11
					]
				},
				{
					"text": "calendar",
					"box": [
						589.95, 297.95, 684.95, 323.11
					]
				},
				{
					"text": "quarter",
					"box": [
						684.97, 295.95, 765.96, 321.11
					]
				},
				{
					"text": "ended",
					"box": [
						766.97, 296.95, 831.96, 322.11
					]
				}
			]
		},
		{
			"id": 502,
			"text": "March 31, 2022",
			"box": [
				835.96, 295.95, 1008.94, 321.11
			],
			"label": "Period_Value",
			"words": [{
					"text": "March",
					"box": [
						837.96, 295.95, 904.95, 321.11
					]
				},
				{
					"text": "31,",
					"box": [
						906.95, 298.95, 937.95, 324.11
					]
				},
				{
					"text": "2022",
					"box": [
						942.95, 296.95, 996.94, 322.11
					]
				}
			]
		},
		{
			"id": 503,
			"text": "REMIC's identifying number",
			"box": [
				736.97, 411.92, 1005.94, 439.12
			],
			"label": "RemicNumber_Label",
			"words": [{
					"text": "REMIC's",
					"box": [
						736.97, 411.92, 817.96, 439.12
					]
				},
				{
					"text": "identifying",
					"box": [
						821.96, 414.92, 917.95, 442.12
					]
				},
				{
					"text": "number",
					"box": [
						922.95, 414.92, 1003.93, 442.12
					]
				}
			]
		},
		{
			"id": 504,
			"text": "51-0611776",
			"box": [
				757.97, 445.91, 865.96, 473.11
			],
			"label": "RemicNumber_Value",
			"words": [{
				"text": "51-0611776",
				"box": [757.97, 445.91, 865.96, 473.11]
			}]
		},
		{
			"id": 505,
			"text": "REMIC's name, address, and ZIP code",
			"box": [
				731.97, 481.90, 1073.94, 509.10
			],
			"label": "RemicName_Label",
			"words": [{
					"text": "REMIC's",
					"box": [
						731.97, 481.90, 812.96, 509.10
					]
				},
				{
					"text": "name,",
					"box": [
						816.96, 482.90, 868.96, 510.10
					]
				},
				{
					"text": "address,",
					"box": [
						871.96, 483.90, 949.95, 506.66
					]
				},
				{
					"text": "and",
					"box": [
						952.95, 483.90, 987.91, 506.66
					]
				},
				{
					"text": "ZIP",
					"box": [
						989.94, 483.90, 1024.91, 506.66
					]
				},
				{
					"text": "code",
					"box": [
						1023.94, 478.59, 1067.91, 502.62
					]
				}
			]

		},
		{
			"id": 506,
			"text": "Morgan Stanley ABS Capital | Inc.,",
			"box": [
				756.97, 518.89, 1090.34, 542.61
			],
			"label": "RemicName_Value",
			"words": [{
					"text": "Morgan",
					"box": [
						760.10, 520.89, 829.34, 544.61
					]
				},
				{
					"text": "Stanley",
					"box": [
						834.09, 519.89, 903.34, 543.61
					]
				},
				{
					"text": "ABS",
					"box": [
						906.08, 519.89, 952.35, 543.61
					]
				},
				{
					"text": "Capital",
					"box": [
						954.08, 516.89, 1021.34, 540.61
					]
				},
				{
					"text": "| Inc.,",
					"box": [
						1023.07, 517.89, 1090.34, 541.61
					]
				}
			]
		},
		{
			"id": 507,
			"text": "b Your share of the taxable income (net loss) for the calendar quarter_______________________________",
			"box": [
				117.16, 1373.66, 1125.93, 1400.02
			],
			"label": "Line1B_Label",
			"words": [{
					"text": "b",
					"box": [
						117.16, 1373.66, 141.06, 1400.02
					]
				},
				{
					"text": "Your",
					"box": [
						144.16, 1368.66, 190.00, 1396.02
					]
				},
				{
					"text": "share",
					"box": [
						190.15, 1370.66, 242.01, 1398.02
					]
				},
				{
					"text": "of",
					"box": [
						242.15, 1370.66, 265.01, 1398.02
					]
				},
				{
					"text": "the",
					"box": [
						267.14, 1369.66, 293.97, 1397.02
					]
				}, {
					"text": "taxable",
					"box": [
						295.14, 1370.66, 360.02, 1398.02
					]
				},
				{
					"text": "income",
					"box": [
						365.13, 1370.66, 433.98, 1398.02
					]
				},
				{
					"text": "(net",
					"box": [
						433.13, 1369.66, 468.02, 1397.02
					]
				},
				{
					"text": "loss)",
					"box": [
						471.12, 1368.66, 511.96, 1396.02
					]
				},
				{
					"text": "for",
					"box": [
						515.12, 1370.66, 543.05, 1398.02
					]
				},
				{
					"text": "the",
					"box": [
						545.12, 1368.66, 571.02, 1396.02
					]
				},
				{
					"text": "calendar",
					"box": [
						576.11, 1371.66, 655.99, 1399.02
					]
				},
				{
					"text": "quater",
					"box": [
						656.11, 1373.66, 721.97, 1401.02
					]
				}
			]
		},
		{
			"id": 508,
			"text": "1b      0",
			"box": [
				1142.52, 1364.66, 1387.51, 1392.03
			],
			"label": "Line1B_Value",
			"words": [{
					"text": "1b",
					"box": [
						1142.52, 1364.66, 1177.55, 1392.03
					]
				},
				{
					"text": "0",
					"box": [
						1192.52, 1362.66, 1386.50, 1390.03
					]
				}
			]
		}
	]
}