{
	"form": [{

			"id": 509,
			"text": "For calendar quarter ended",
			"box": [
				546.96, 290.95, 832.95, 322.77
			],
			"label": "Period_Label",
			"words": [{
					"text": "For",
					"box": [
						546.96, 290.95, 586.03, 322.77
					]
				},
				{
					"text": "calendar",
					"box": [
						589.95, 288.95, 681.97, 320.77
					]
				},
				{
					"text": "quarter",
					"box": [
						682.94, 290.95, 761.95, 322.77
					]
				},
				{
					"text": "ended",
					"box": [
						764.94, 290.95, 829.97, 322.77
					]
				}
			]
		},
		{
			"id": 510,
			"text": "March 31, 2022",
			"box": [
				832.93, 288.95, 997.91, 320.77
			],
			"label": "Period_Value",
			"words": [{
					"text": "March",
					"box": [
						832.93, 288.95, 898.94, 320.77
					]
				},
				{
					"text": "31,",
					"box": [
						899.92, 291.72, 934.92, 319.77
					]
				},
				{
					"text": "2022",
					"box": [
						899.92, 291.72, 934.92, 319.77
					]
				}
			]
		},
		{
			"id": 511,
			"text": "REMIC's identifying number",
			"box": [
				736.94, 407.69, 997.93, 435.74
			],
			"label": "RemicNumber_Label",
			"words": [{
					"text": "REMIC's",
					"box": [
						736.94, 407.69, 813.95, 435.74
					]
				},
				{
					"text": "identifying",
					"box": [
						816.93, 408.69, 913.95, 436.74
					]
				},
				{
					"text": "number",
					"box": [
						919.92, 409.69, 997.94, 437.74
					]
				}
			]
		},
		{
			"id": 512,
			"text": "54-2200347",
			"box": [
				754.97, 437.69, 858.95, 465.74
			],
			"label": "RemicNumber_Value",
			"words": [{
				"text": "54-2200347",
				"box": [754.97, 437.69, 858.95, 465.74]
			}]
		},
		{
			"id": 513,
			"text": "REMIC's name, address, and ZIP code",
			"box": [
				733.97, 478.67, 1073.93, 506.72
			],
			"label": "RemicName_Label",
			"words": [{
					"text": "REMIC's",
					"box": [
						733.97, 475.67, 808.95, 503.72
					]
				},
				{
					"text": "name,",
					"box": [
						812.96, 482.62, 866.97, 502.62
					]
				},
				{
					"text": "address,",
					"box": [
						870.95, 479.59, 945.93, 503.62
					]
				},
				{
					"text": "and",
					"box": [
						949.95, 476.59, 985.97, 500.62
					]
				},
				{
					"text": "ZIP",
					"box": [
						986.94, 478.59, 1019.97, 502.62
					]
				},
				{
					"text": "code",
					"box": [
						1023.94, 478.59, 1067.91, 502.62
					]
				}
			]

		},
		{
			"id": 514,
			"text": "Morgan Stanley ABS Capital | Inc.,",
			"box": [
				755.97, 516.58, 1025.94, 540.61
			],
			"label": "RemicName_Value",
			"words": [{
					"text": "Morgan",
					"box": [
						760.10, 520.89, 829.34, 544.61
					]
				},
				{
					"text": "Stanley",
					"box": [
						834.09, 519.89, 903.34, 543.61
					]
				},
				{
					"text": "ABS",
					"box": [
						906.08, 519.89, 952.35, 543.61
					]
				},
				{
					"text": "Capital",
					"box": [
						954.08, 516.89, 1021.34, 540.61
					]
				},
				{
					"text": "| Inc.,",
					"box": [
						1023.07, 517.89, 1090.34, 541.61
					]
				}
			]
		},
		{
			"id": 515,
			"text": "b Your share of the taxable income (net loss) for the calendar quarter_______________________________",
			"box": [
				117.16, 1373.66, 1125.93, 1400.02
			],
			"label": "Line1B_Label",
			"words": [{
					"text": "b",
					"box": [
						117.16, 1373.66, 141.06, 1400.02
					]
				},
				{
					"text": "Your",
					"box": [
						144.16, 1368.66, 190.00, 1396.02
					]
				},
				{
					"text": "share",
					"box": [
						190.15, 1370.66, 242.01, 1398.02
					]
				},
				{
					"text": "of",
					"box": [
						242.15, 1370.66, 265.01, 1398.02
					]
				},
				{
					"text": "the",
					"box": [
						267.14, 1369.66, 293.97, 1397.02
					]
				}, {
					"text": "taxable",
					"box": [
						295.14, 1370.66, 360.02, 1398.02
					]
				},
				{
					"text": "income",
					"box": [
						365.13, 1370.66, 433.98, 1398.02
					]
				},
				{
					"text": "(net",
					"box": [
						433.13, 1369.66, 468.02, 1397.02
					]
				},
				{
					"text": "loss)",
					"box": [
						471.12, 1368.66, 511.96, 1396.02
					]
				},
				{
					"text": "for",
					"box": [
						515.12, 1370.66, 543.05, 1398.02
					]
				},
				{
					"text": "the",
					"box": [
						545.12, 1368.66, 571.02, 1396.02
					]
				},
				{
					"text": "calendar",
					"box": [
						576.11, 1371.66, 655.99, 1399.02
					]
				},
				{
					"text": "quater",
					"box": [
						656.11, 1373.66, 721.97, 1401.02
					]
				}
			]
		},
		{
			"id": 516,
			"text": "1b      0",
			"box": [
				1142.52, 1364.66, 1387.51, 1392.03
			],
			"label": "Line1B_Value",
			"words": [{
					"text": "1b",
					"box": [
						1142.52, 1364.66, 1177.55, 1392.03
					]
				},
				{
					"text": "0",
					"box": [
						1192.52, 1362.66, 1386.50, 1390.03
					]
				}
			]
		}
	]
}