{
    "form": [
        {
            "id": 9,
            "text": "For calendar quarter ended",
            "box": [548.00,176.98,856.83,216.77],
            "label": "Period_Label",
            "words": [
                {
                    "text": "For",
                    "box": [551.00,179.98,598.86,212.71]
                },
                {
                    "text": "calendar",
                    "box": [602.00,180.98,698.04,213.74]
                },
				{
                    "text": "quarter",
                    "box": [701.00,180.98,781.05,213.71]
                },{
                    "text": "ended",
                    "box": [784.00,180.98,853.05,212.77]
                }
            ]
        },
        {
            "id": 10,
            "text": "June 30, 2021",
            "box": [859.04,175.98,1015.06,218.77],
            "label": "Period_Value",
            "words": [
                {
                    "text": "June",
                    "box": [860.00,180.74,912.02,210.81]
                },
                {
                    "text": "30,",
                    "box": [915.03,181.75,950.04,211.78]
                },
				{
                    "text": "2021",
                    "box": [951.85,179.98,1007.86,212.77]
                }
            ]
        },
        {
            "id": 11,
            "text": "REMIC's identifying number",
            "box": [736.00,299.95,1027.83,336.74],
            "label": "RemicNumber_Label",
            "words": [
                {
                    "text": "REMIC's",
                    "box": [739.00,302.95,831.86,332.75]
                },
                {
                    "text": "identifying",
                    "box": [835.00,303.95,938.84,333.68]
                },
				{
                    "text": "number",
                    "box": [941.00,302.95,1025.81,334.68]
                }
            ]
        },
        {
            "id": 12,
            "text": "54-2199996",
            "box": [763.84,339.94,892.83,363.70],
            "label": "RemicNumber_Value",
            "words": [
                {
                    "text": "54-2199996",
                    "box": [763.84,339.94,892.83,363.70]
                }
            ]
        },
        {
            "id": 13,
            "text": "REMIC's name, address, and ZIP code",
            "box": [737.00,369.93,1104.83,410.69],
            "label": "RemicName_Label",
            "words": [
                {
                    "text": "REMIC's",
                    "box": [744.00,373.93,826.84,402.69]
                },
                {
                    "text": "name,",
                    "box": [829.00,374.93,886.84,402.76]
                },
				{
                    "text": "address,",
                    "box": [890.00,375.93,970.82,402.73]
                },
				{
                    "text": "and",
                    "box": [973.86,374.93,1009.81,402.73]
                },
				{
                    "text": "ZIP",
                    "box": [1012.43,375.93,1045.47,402.73]
                },
				{
                    "text": "code",
                    "box": [1048.00,375.93,1098.44,402.73]
                }
            ]
        },
        {
            "id": 14,
            "text": "American Home Mortgage Asset LLC",
            "box": [767.03,412.92,1132.04,442.65],
            "label": "RemicName_Value",
            "words": [
                {
                    "text": "American",
                    "box": [771.00,415.71,865.04,440.72]
                },
                {
                    "text": "Home",
                    "box": [868.00,417.92,925.02,439.73]
                },  {
                    "text": "Mortgage",
                    "box": [928.00,416.92,1022.04,440.76]
                },  {
                    "text": "Asset",
                    "box": [1025.00,416.92,1082.02,439.73]
                },  {
                    "text": "LLC",
                    "box": [1085.00,416.92,1126.66,439.73]
                }
            ]
        },
        {
            "id": 15,
            "text": "b Your share of the taxable income (net loss) for the calendar quarter_ _ _ _ _ _ _ _ _ _ _ _ _ _ _ _ _ _ _ _ _ _ _ _ _ _ _ _ _ _ _ _ _ _ _ _",
            "box": [99.00,1282.69,1161.24,1333.09],
            "label": "Line1B_Label",
            "words": [
                {
                    "text": "b",
                    "box": [104.00,1288.69,130.00,1329.43]
                },
                {
                    "text": "Your",
                    "box": [134.00,1289.69,180.08,1330.10]
                },
				{
                    "text": "share",
                    "box": [183.00,1290.69,235.66,1331.08]
                },
				{
                    "text": "of",
                    "box": [238.00,1290.69,258.68,1330.10]
                },
				{
                    "text": "the",
                    "box": [261.00,1290.69,291.00,1329.08]
                },
				{
                    "text": "taxable",
                    "box": [293.00,1290.69,361.05,1331.03]
                },
				{
                    "text": "income",
                    "box": [364.00,1290.69,430.04,1328.08]
                },
				{
                    "text": "(net",
                    "box": [433.00,1289.69,471.98,1328.05]
                },
				{
                    "text": "loss)",
                    "box": [474.00,1288.47,518.04,1328.10]
                },
				{
                    "text": "for",
                    "box": [521.00,1287.69,548.00,1326.48]
                },
				{
                    "text": "the",
                    "box": [551.00,1287.69,582.00,1326.08]
                },
				{
                    "text": "calendar",
                    "box": [585.00,1287.69,664.02,1328.08]
                },
				{
                    "text": "quarter",
                    "box": [667.00,1289.06,734.05,1329.05]
                }
				
            ]
        },
        {
            "id": 16,
            "text": "1b (2,322)",
            "box": [1167.00,1279.13,1430.23,1320.05],
            "label": "Line1B_Value",
            "words": [
                {
                    "text": "1b",
                    "box": [1169.00,1282.69,1211.06,1317.03]
                },
                {
                    "text": "(2,322)",
                    "box": [1219.00,1281.69,1427.64,1313.09]
                }
            ]
        }
    ]
}